found,new,title,topics,type,publisher,level,state,website,link,rights,on_amazon,amazon_editions,amazon_best_rank,amazon_link,book_score,found_on,rights_note
2026-09-28,,COMM SSBG DCL 2022 18 Using SSBG CBG to Support Emergency Preparedness Response and Recovery FY2022,survival,pdf,Administration for Children and Families,federal,DC,acf.gov,https://acf.gov/sites/default/files/documents/ocs/COMM_SSBG_DCL%202022-18%20Using%20SSBG%20CBG%20to%20Support%20Emergency%20Preparedness%20Response%20and%20Recovery%20_FY2022.pdf,likely_public_domain,not found,0,,https://www.amazon.com/s?k=COMM+SSBG+DCL+2022+18+Using+SSBG+CBG+to+Support+Emergency+Preparedness&i=stripbooks,1,https://acf.gov/ocs/policy-guidance/commssbgdcl-2022-18-using-ssbg-cbg-support-emergency-preparedness-response-and,"US federal government work: not protected by copyright in the US (17 U.S.C. 105). Contractor- or grantee-written parts and third-party photos or text inside it can still be copyrighted, and the US may claim copyright in other countries, which matters when choosing sales territories."
2026-09-28,,Emergency Preparedness Guide/Toolkit for Individuals with Disabilities (Spanish),survival,pdf,State of California,state,CA,caloes.ca.gov,https://www.caloes.ca.gov/wp-content/uploads/AFN/Documents/AFN-Library/Cal-OESDOR-AFN-Disaster-Preparedness-Guide_Spanish-revAug2022.pdf,likely_public_domain,not found,0,,https://www.amazon.com/s?k=Emergency+Preparedness+Guide%2FToolkit+for+Individuals+with+Disabilities+%28Spanish%29&i=stripbooks,3,https://www.caloes.ca.gov/office-of-the-director/policy-administration/access-functional-needs/afn-library/,"California (public domain, high confidence): Under County of Santa Clara v. Superior Court (2009), the state and entities that get their power from it cannot enforce copyright in records covered by the Public Records Act unless a specific statute authorizes it. Most state agency works are therefore free to reuse. Watch for the narrow statutory exceptions and for material made by contractors or other third parties."
2026-09-28,,Emergency Preparedness and Pets,survival,pdf,State of California,state,CA,caloes.ca.gov,https://www.caloes.ca.gov/wp-content/uploads/AFN/Documents/General/Guide-EmergPrepPets.pdf,likely_public_domain,not found,0,,https://www.amazon.com/s?k=Emergency+Preparedness+and+Pets&i=stripbooks,3,https://www.caloes.ca.gov/office-of-the-director/policy-administration/access-functional-needs/afn-library/,"California (public domain, high confidence): Under County of Santa Clara v. Superior Court (2009), the state and entities that get their power from it cannot enforce copyright in records covered by the Public Records Act unless a specific statute authorizes it. Most state agency works are therefore free to reuse. Watch for the narrow statutory exceptions and for material made by contractors or other third parties."
2026-09-28,,Emergency Preparedness Guide/Toolkit for Individuals with Disabilities (Traditional Chinese),survival,pdf,State of California,state,CA,caloes.ca.gov,https://www.caloes.ca.gov/wp-content/uploads/AFN/Documents/AFN-Library/Cal-OES-and-DOR-AFN-Disaster-Preparedness-Guide-Traditional-Chinese.pdf,likely_public_domain,not found,0,,https://www.amazon.com/s?k=Emergency+Preparedness+Guide%2FToolkit+for+Individuals+with+Disabilities+%28Traditional+Chinese%29&i=stripbooks,3,https://www.caloes.ca.gov/office-of-the-director/policy-administration/access-functional-needs/afn-library/,"California (public domain, high confidence): Under County of Santa Clara v. Superior Court (2009), the state and entities that get their power from it cannot enforce copyright in records covered by the Public Records Act unless a specific statute authorizes it. Most state agency works are therefore free to reuse. Watch for the narrow statutory exceptions and for material made by contractors or other third parties."
2026-09-28,,Emergency Preparedness Guide/Toolkit for Individuals with Disabilities (Simplified Chinese),survival,pdf,State of California,state,CA,caloes.ca.gov,https://www.caloes.ca.gov/wp-content/uploads/AFN/Documents/AFN-Library/Cal-OES-and-DOR-AFN-Disaster-Preparedness-Guide-Simplified-Chinese.pdf,likely_public_domain,not found,0,,https://www.amazon.com/s?k=Emergency+Preparedness+Guide%2FToolkit+for+Individuals+with+Disabilities+%28Simplified+Chinese%29&i=stripbooks,3,https://www.caloes.ca.gov/office-of-the-director/policy-administration/access-functional-needs/afn-library/,"California (public domain, high confidence): Under County of Santa Clara v. Superior Court (2009), the state and entities that get their power from it cannot enforce copyright in records covered by the Public Records Act unless a specific statute authorizes it. Most state agency works are therefore free to reuse. Watch for the narrow statutory exceptions and for material made by contractors or other third parties."
2026-09-28,,Emergency Preparedness Guide/Toolkit for Individuals with Disabilities (Korean),survival,pdf,State of California,state,CA,caloes.ca.gov,https://www.caloes.ca.gov/wp-content/uploads/AFN/Documents/AFN-Library/Cal-OES-and-DOR-AFN-Disaster-Preparedness-Guide-Korean.pdf,likely_public_domain,not found,0,,https://www.amazon.com/s?k=Emergency+Preparedness+Guide%2FToolkit+for+Individuals+with+Disabilities+%28Korean%29&i=stripbooks,3,https://www.caloes.ca.gov/office-of-the-director/policy-administration/access-functional-needs/afn-library/,"California (public domain, high confidence): Under County of Santa Clara v. Superior Court (2009), the state and entities that get their power from it cannot enforce copyright in records covered by the Public Records Act unless a specific statute authorizes it. Most state agency works are therefore free to reuse. Watch for the narrow statutory exceptions and for material made by contractors or other third parties."
2026-09-28,,Emergency Preparedness Guide/Toolkit for Individuals with Disabilities (Vietnamese),survival,pdf,State of California,state,CA,caloes.ca.gov,https://www.caloes.ca.gov/wp-content/uploads/AFN/Documents/AFN-Library/Cal-OES-and-DOR-AFN-Disaster-Preparedness-Guide-Vietnamese.pdf,likely_public_domain,not found,0,,https://www.amazon.com/s?k=Emergency+Preparedness+Guide%2FToolkit+for+Individuals+with+Disabilities+%28Vietnamese%29&i=stripbooks,3,https://www.caloes.ca.gov/office-of-the-director/policy-administration/access-functional-needs/afn-library/,"California (public domain, high confidence): Under County of Santa Clara v. Superior Court (2009), the state and entities that get their power from it cannot enforce copyright in records covered by the Public Records Act unless a specific statute authorizes it. Most state agency works are therefore free to reuse. Watch for the narrow statutory exceptions and for material made by contractors or other third parties."
2026-09-28,,Emergency Preparedness Guide/Toolkit for Individuals with Disabilities (Tagalog),survival,pdf,State of California,state,CA,caloes.ca.gov,https://www.caloes.ca.gov/wp-content/uploads/AFN/Documents/AFN-Library/Cal-OES-and-DOR-AFN-Disaster-Preparedness-Guide-Tagalog.pdf,likely_public_domain,not found,0,,https://www.amazon.com/s?k=Emergency+Preparedness+Guide%2FToolkit+for+Individuals+with+Disabilities+%28Tagalog%29&i=stripbooks,3,https://www.caloes.ca.gov/office-of-the-director/policy-administration/access-functional-needs/afn-library/,"California (public domain, high confidence): Under County of Santa Clara v. Superior Court (2009), the state and entities that get their power from it cannot enforce copyright in records covered by the Public Records Act unless a specific statute authorizes it. Most state agency works are therefore free to reuse. Watch for the narrow statutory exceptions and for material made by contractors or other third parties."
2026-09-28,,Emergency Preparedness Guide/Toolkit for Individuals with Disabilities (Russian),survival,pdf,State of California,state,CA,caloes.ca.gov,https://www.caloes.ca.gov/wp-content/uploads/AFN/Documents/AFN-Library/Cal-OES-and-DOR-AFN-Disaster-Preparedness-Guide-Russian.pdf,likely_public_domain,not found,0,,https://www.amazon.com/s?k=Emergency+Preparedness+Guide%2FToolkit+for+Individuals+with+Disabilities+%28Russian%29&i=stripbooks,3,https://www.caloes.ca.gov/office-of-the-director/policy-administration/access-functional-needs/afn-library/,"California (public domain, high confidence): Under County of Santa Clara v. Superior Court (2009), the state and entities that get their power from it cannot enforce copyright in records covered by the Public Records Act unless a specific statute authorizes it. Most state agency works are therefore free to reuse. Watch for the narrow statutory exceptions and for material made by contractors or other third parties."
2026-09-28,,Emergency Preparedness Guide/Toolkit for Individuals with Disabilities (Hmong),survival,pdf,State of California,state,CA,caloes.ca.gov,https://www.caloes.ca.gov/wp-content/uploads/AFN/Documents/AFN-Library/Cal-OES-and-DOR-AFN-Disaster-Preparedness-Guide-Hmong.pdf,likely_public_domain,not found,0,,https://www.amazon.com/s?k=Emergency+Preparedness+Guide%2FToolkit+for+Individuals+with+Disabilities+%28Hmong%29&i=stripbooks,3,https://www.caloes.ca.gov/office-of-the-director/policy-administration/access-functional-needs/afn-library/,"California (public domain, high confidence): Under County of Santa Clara v. Superior Court (2009), the state and entities that get their power from it cannot enforce copyright in records covered by the Public Records Act unless a specific statute authorizes it. Most state agency works are therefore free to reuse. Watch for the narrow statutory exceptions and for material made by contractors or other third parties."
2026-09-28,,Emergency Preparedness Guide/Toolkit for Individuals with Disabilities (Armenian),survival,pdf,State of California,state,CA,caloes.ca.gov,https://www.caloes.ca.gov/wp-content/uploads/AFN/Documents/AFN-Library/Cal-OES-and-DOR-AFN-Disaster-Preparedness-Guide-Armenian.pdf,likely_public_domain,not found,0,,https://www.amazon.com/s?k=Emergency+Preparedness+Guide%2FToolkit+for+Individuals+with+Disabilities+%28Armenian%29&i=stripbooks,3,https://www.caloes.ca.gov/office-of-the-director/policy-administration/access-functional-needs/afn-library/,"California (public domain, high confidence): Under County of Santa Clara v. Superior Court (2009), the state and entities that get their power from it cannot enforce copyright in records covered by the Public Records Act unless a specific statute authorizes it. Most state agency works are therefore free to reuse. Watch for the narrow statutory exceptions and for material made by contractors or other third parties."
2026-09-28,,Emergency Preparedness Guide/Toolkit for Individuals with Disabilities,survival,pdf,State of California,state,CA,caloes.ca.gov,https://www.caloes.ca.gov/wp-content/uploads/AFN/Documents/AFN-Library/Cal-OES-and-DOR-AFN-Disaster-Preparedness-Guide.pdf,likely_public_domain,not found,0,,https://www.amazon.com/s?k=Emergency+Preparedness+Guide%2FToolkit+for+Individuals+with+Disabilities&i=stripbooks,3,https://www.caloes.ca.gov/office-of-the-director/policy-administration/access-functional-needs/afn-library/,"California (public domain, high confidence): Under County of Santa Clara v. Superior Court (2009), the state and entities that get their power from it cannot enforce copyright in records covered by the Public Records Act unless a specific statute authorizes it. Most state agency works are therefore free to reuse. Watch for the narrow statutory exceptions and for material made by contractors or other third parties."
2026-09-28,,Guide and Checklist for Emergency Preparedness & Classroom Security in California Public Schools & Community Colleges,survival,pdf,State of California,state,CA,caloes.ca.gov,https://www.dgs.ca.gov/-/media/Divisions/DSA/Publications/fls/Emergency-Prep-Classroom-Safety.pdf,likely_public_domain,not found,0,,https://www.amazon.com/s?k=Guide+and+Checklist+for+Emergency+Preparedness+%26+Classroom+Security+in+California+Public&i=stripbooks,2,https://www.caloes.ca.gov/office-of-the-director/operations/planning-preparedness-prevention/planning-preparedness/school-emergency-planning-safety/,"California (public domain, high confidence): Under County of Santa Clara v. Superior Court (2009), the state and entities that get their power from it cannot enforce copyright in records covered by the Public Records Act unless a specific statute authorizes it. Most state agency works are therefore free to reuse. Watch for the narrow statutory exceptions and for material made by contractors or other third parties."
2026-09-28,,Emergency Preparedness and Response Planning Report,survival,pdf,State of California,state,CA,caloes.ca.gov,https://www.caloes.ca.gov/wp-content/uploads/Legislative-Affiars/Documents/Emergency-Preparedness-and-Response-Planning-Report-.pdf,likely_public_domain,not found,0,,https://www.amazon.com/s?k=Emergency+Preparedness+and+Response+Planning+Report&i=stripbooks,2,https://www.caloes.ca.gov/office-of-the-director/policy-administration/legislative-external-affairs/reports-to-the-legislature/,"California (public domain, high confidence): Under County of Santa Clara v. Superior Court (2009), the state and entities that get their power from it cannot enforce copyright in records covered by the Public Records Act unless a specific statute authorizes it. Most state agency works are therefore free to reuse. Watch for the narrow statutory exceptions and for material made by contractors or other third parties."
2026-09-28,,Emergency First Aid Guidelines for California Schools,survival,pdf,State of California,state,CA,caloes.ca.gov,https://emsa.ca.gov/wp-content/uploads/sites/71/2017/07/EMSC_Interactive_Final.pdf,likely_public_domain,not found,0,,https://www.amazon.com/s?k=Emergency+First+Aid+Guidelines+for+California+Schools&i=stripbooks,1,https://www.caloes.ca.gov/office-of-the-director/operations/planning-preparedness-prevention/planning-preparedness/school-emergency-planning-safety/,"California (public domain, high confidence): Under County of Santa Clara v. Superior Court (2009), the state and entities that get their power from it cannot enforce copyright in records covered by the Public Records Act unless a specific statute authorizes it. Most state agency works are therefore free to reuse. Watch for the narrow statutory exceptions and for material made by contractors or other third parties."
2026-09-28,,A.B. 338 Chu. Manufactured housing: smoke alarms: emergency preparedness,survival,pdf,State of California,state,CA,ahcd.assembly.ca.gov,https://ahcd.assembly.ca.gov/sites/ahcd.assembly.ca.gov/files/AB%20338%20AHCD%20Analysis.pdf,likely_public_domain,not found,0,,https://www.amazon.com/s?k=A.B.+338+Chu.+Manufactured+housing&i=stripbooks,1,https://ahcd.assembly.ca.gov/hearings/2023-24-legislative-hearings/2019-2020-legislative-hearings,"California (public domain, high confidence): Under County of Santa Clara v. Superior Court (2009), the state and entities that get their power from it cannot enforce copyright in records covered by the Public Records Act unless a specific statute authorizes it. Most state agency works are therefore free to reuse. Watch for the narrow statutory exceptions and for material made by contractors or other third parties."
2026-09-28,,Sample Administrative Order Establishing a Security and Emergency Preparedness Committee,survival,docx,Arizona Supreme Court,state,AZ,azcourts.gov,https://www.azcourts.gov/Portals/0/74/CSSC/Resources/Sample AO Creating SEPC.docx,likely_copyrighted,not found,0,,https://www.amazon.com/s?k=Sample+Administrative+Order+Establishing+a+Security+and+Emergency+Preparedness+Committee&i=stripbooks,1,https://www.azcourts.gov/cscommittees/Court-Security-Standards-Committee/CSSC-Resources,"Arizona (claims copyright, medium confidence): The Arizona State Library (part of the Secretary of State) says works of Arizona state government are not in the public domain and are protected by copyright. Commercial use of public records requires the permission and fee procedure in A.R.S. 39-121.03. No general statute on agency copyright was found; this rests on the state's own stated position."
2026-09-28,,Child Care Services Division Emergency Preparedness Plan,survival,pdf,State of Alabama,state,AL,dhr.alabama.gov,https://dhr.alabama.gov/wp-content/uploads/2023/04/5-9-22-Child-Care-Services-Division-Emergency-Preparedness-Plan.pdf,check,not found,0,,https://www.amazon.com/s?k=Child+Care+Services+Division+Emergency+Preparedness+Plan&i=stripbooks,1,https://dhr.alabama.gov/disaster-and-emergency-resources/,"Alabama (unclear, low confidence): No Alabama statute, court decision or attorney general opinion on copyright in state agency works was found; the public records law (Ala. Code 36-12-40) gives a right to inspect and copy public writings but says nothing about reuse or copyright. Treat Alabama agency publications as possibly copyrighted and look for a notice or ask the agency."
2026-09-28,,"""An IGs Guide to Evaluating Agency Emergency Preparedness;""",survival,pdf,Council of the Inspectors General on Integrity and Efficiency,federal,DC,ignet.gov,https://www.ignet.gov/sites/default/files/files/emergencyprepareguide.pdf,likely_public_domain,not found,0,,https://www.amazon.com/s?k=%22An+IGs+Guide+to+Evaluating+Agency+Emergency+Preparedness%3B%22&i=stripbooks,3,https://www.ignet.gov/content/reports-publications,"US federal government work: not protected by copyright in the US (17 U.S.C. 105). Contractor- or grantee-written parts and third-party photos or text inside it can still be copyrighted, and the US may claim copyright in other countries, which matters when choosing sales territories."
2026-09-28,,bds-statbrief4-exit-survival,survival,pdf,Bureau of the Census,federal,DC,census.gov,https://www2.census.gov/library/working-papers/2010/adrm/bds_statbrief4_exit_survival.pdf,likely_public_domain,not found,0,,https://www.amazon.com/s?k=bds-statbrief4-exit-survival&i=stripbooks,1,https://www.census.gov/library/working-papers/2010/adrm/bds-statbrief4-exit-survival.html,"US federal government work: not protected by copyright in the US (17 U.S.C. 105). Contractor- or grantee-written parts and third-party photos or text inside it can still be copyrighted, and the US may claim copyright in other countries, which matters when choosing sales territories."
2026-09-28,,How Ready Are We? Exploring Natural Disasters and Emergency Preparedness,survival,pdf,Bureau of the Census,federal,DC,census.gov,https://www2.census.gov/programs-surveys/sis/resources/emergency-preparedness.pdf,likely_public_domain,not found,0,,https://www.amazon.com/s?k=How+Ready+Are+We%3F+Exploring+Natural+Disasters+and+Emergency+Preparedness&i=stripbooks,1,https://www.census.gov/programs-surveys/sis/resources/warm-up-activities/emergency-preparedness.html,"US federal government work: not protected by copyright in the US (17 U.S.C. 105). Contractor- or grantee-written parts and third-party photos or text inside it can still be copyrighted, and the US may claim copyright in other countries, which matters when choosing sales territories."
2026-09-28,,cfpb_building_block_activities_creating-savings-first-aid-kit_guide.,survival,pdf,Consumer Financial Protection Bureau,federal,DC,consumerfinance.gov,https://files.consumerfinance.gov/f/documents/cfpb_building_block_activities_creating-savings-first-aid-kit_guide.pdf,likely_public_domain,not found,0,,https://www.amazon.com/s?k=cfpb_building_block_activities_creating-savings-first-aid-kit_guide.&i=stripbooks,3,https://www.consumerfinance.gov/consumer-tools/educator-tools/youth-financial-education/teach/activities/creating-savings-first-aid-kit/,"US federal government work: not protected by copyright in the US (17 U.S.C. 105). Contractor- or grantee-written parts and third-party photos or text inside it can still be copyrighted, and the US may claim copyright in other countries, which matters when choosing sales territories."
2026-09-28,,cfpb_building_block_activities_creating-savings-first-aid-kit_worksheet.,survival,pdf,Consumer Financial Protection Bureau,federal,DC,consumerfinance.gov,https://files.consumerfinance.gov/f/documents/cfpb_building_block_activities_creating-savings-first-aid-kit_worksheet.pdf,likely_public_domain,not found,0,,https://www.amazon.com/s?k=cfpb_building_block_activities_creating-savings-first-aid-kit_worksheet.&i=stripbooks,1,https://www.consumerfinance.gov/consumer-tools/educator-tools/youth-financial-education/teach/activities/creating-savings-first-aid-kit/,"US federal government work: not protected by copyright in the US (17 U.S.C. 105). Contractor- or grantee-written parts and third-party photos or text inside it can still be copyrighted, and the US may claim copyright in other countries, which matters when choosing sales territories."
2026-09-28,,"EMERGENCY PREPAREDNESS, OFFICE OF",survival,pdf,National Archives and Records Administration,federal,MD,eisenhowerlibrary.gov,https://www.eisenhowerlibrary.gov/sites/default/files/finding-aids/pdf/emergency-preparedness-office-material.pdf,likely_public_domain,not found,0,,https://www.amazon.com/s?k=EMERGENCY+PREPAREDNESS%2C+OFFICE+OF&i=stripbooks,1,https://www.eisenhowerlibrary.gov/research/finding-aids/emergency-preparedness-office,"US federal government work: not protected by copyright in the US (17 U.S.C. 105). Contractor- or grantee-written parts and third-party photos or text inside it can still be copyrighted, and the US may claim copyright in other countries, which matters when choosing sales territories."
2026-09-28,,hawaiian girls canning pineapple,food_preservation,pdf,National Archives and Records Administration,federal,MD,archives.gov,https://www.archives.gov/files/historical-docs/doc-content/images/hawaiian-girls-canning-pineapple.pdf,likely_public_domain,not found,0,,https://www.amazon.com/s?k=hawaiian+girls+canning+pineapple&i=stripbooks,1,https://www.archives.gov/files/sitemap2.xml,"US federal government work: not protected by copyright in the US (17 U.S.C. 105). Contractor- or grantee-written parts and third-party photos or text inside it can still be copyrighted, and the US may claim copyright in other countries, which matters when choosing sales territories."
2026-09-28,,05 27 2021 escape evasion,survival,pdf,National Archives and Records Administration,federal,MD,archives.gov,https://www.archives.gov/files/citizen-archivist/images/05-27-2021-escape-evasion.pdf,likely_public_domain,not found,0,,https://www.amazon.com/s?k=05+27+2021+escape+evasion&i=stripbooks,1,https://www.archives.gov/files/sitemap1.xml,"US federal government work: not protected by copyright in the US (17 U.S.C. 105). Contractor- or grantee-written parts and third-party photos or text inside it can still be copyrighted, and the US may claim copyright in other countries, which matters when choosing sales territories."
2026-09-28,,Presentation: Home Survival in Wildfire-Prone Areas [,survival,pdf,State of California,state,CA,antr.assembly.ca.gov,https://antr.assembly.ca.gov/sites/antr.assembly.ca.gov/files/hearings/Valachovic%20home%20building%20loss%20for%20M.%20Jarred%20Feb%202019.pdf,likely_public_domain,title too generic to check,0,,https://www.amazon.com/s?k=Presentation&i=stripbooks,1,https://antr.assembly.ca.gov/hearings/bill-hearings/2019-bill-hearings,"California (public domain, high confidence): Under County of Santa Clara v. Superior Court (2009), the state and entities that get their power from it cannot enforce copyright in records covered by the Public Records Act unless a specific statute authorizes it. Most state agency works are therefore free to reuse. Watch for the narrow statutory exceptions and for material made by contractors or other third parties."
2026-09-28,,AR Participation in the Cardiac Arrest Registry to Enhance Survival (CARES),survival,pdf,Arkansas Department of Health,state,AR,healthy.arkansas.gov,https://healthy.arkansas.gov/wp-content/uploads/Arkansas-Participation-in-CARES-Registry-062226.pdf,check,not found,0,,https://www.amazon.com/s?k=AR+Participation+in+the+Cardiac+Arrest+Registry+to+Enhance+Survival+%28CARES%29&i=stripbooks,1,https://healthy.arkansas.gov/boards-commissions/committees/ems-advisory-committee/,"Arkansas (unclear, low confidence): No statute or case directly settles copyright in Arkansas state works. Harvard notes that an Arkansas FOIA case (Ragland v. Yeargan) reasons much like the Florida and California courts that treat records as public domain, and the AG's FOIA handbook says nothing in the FOIA restricts later use of records. However, the state does put its copyright on the Arkansas Code of 1987 Annotated. The law leans toward public domain but is not settled, so check each work."
2026-09-28,,PD 07 14 Cancel PD91 06 First Aid Training,survival,pdf,Alaska Department of Labor and Workforce Development,state,AK,labor.alaska.gov,https://labor.alaska.gov/lss/program_directives/PD_07-14-Cancel-PD91-06-First_Aid_Training.pdf,likely_copyrighted,not found,0,,https://www.amazon.com/s?k=PD+07+14+Cancel+PD91+06+First+Aid+Training&i=stripbooks,1,https://labor.alaska.gov/sitemap.xml,"Alaska (claims copyright, high confidence): Alaska state publications are not automatically public domain: the Alaska State Library says copyright law generally applies to them, statutes let agencies hold copyright (e.g. software), and agencies such as Fish and Game say all their works are copyrighted and require permission before republication. Get permission unless a specific work says it is public domain."
2026-09-28,,Hsem7daysurvivalkit 7-day survival kit,survival,pdf,State of Alaska,state,AK,health.alaska.gov,https://health.alaska.gov/media/cpon4yhm/hsem7daysurvivalkit.pdf,likely_copyrighted,not found,0,,https://www.amazon.com/s?k=Hsem7daysurvivalkit+7-day+survival+kit&i=stripbooks,1,https://health.alaska.gov/en/education/emergency-preparedness-disabilities/,"Alaska (claims copyright, high confidence): Alaska state publications are not automatically public domain: the Alaska State Library says copyright law generally applies to them, statutes let agencies hold copyright (e.g. software), and agencies such as Fish and Game say all their works are copyrighted and require permission before republication. Get permission unless a specific work says it is public domain."
2026-09-28,,TCL-20230411-dSPA-Extension-of-First-Aid-and-CPR-flexibility dSPA Extension of First Aid and CPR flexibility (Amended 4/26/23),survival,pdf,State of Alaska,state,AK,health.alaska.gov,https://health.alaska.gov/media/d4wdmnwo/tcl-20230411-dspa-extension-of-first-aid-and-cpr-flexibility.pdf,likely_copyrighted,not found,0,,https://www.amazon.com/s?k=TCL-20230411-dSPA-Extension-of-First-Aid-and-CPR-flexibility+dSPA+Extension+of+First+Aid+and+CPR+flexibility+%28Amended+4%2F26%2F23%29&i=stripbooks,1,https://health.alaska.gov/en/resources/tribal-consultation-letters-and-responses-archive/,"Alaska (claims copyright, high confidence): Alaska state publications are not automatically public domain: the Alaska State Library says copyright law generally applies to them, statutes let agencies hold copyright (e.g. software), and agencies such as Fish and Game say all their works are copyrighted and require permission before republication. Get permission unless a specific work says it is public domain."
2026-09-28,,PCA-13 First Aid Training Verification,survival,pdf,State of Alaska,state,AK,health.alaska.gov,https://health.alaska.gov/media/kzchowoj/pca-13first_aid_training_completed_verification.pdf,likely_copyrighted,not found,0,,https://www.amazon.com/s?k=PCA-13+First+Aid+Training+Verification&i=stripbooks,1,https://health.alaska.gov/en/resources/approved-sds-forms/,"Alaska (claims copyright, high confidence): Alaska state publications are not automatically public domain: the Alaska State Library says copyright law generally applies to them, statutes let agencies hold copyright (e.g. software), and agencies such as Fish and Game say all their works are copyrighted and require permission before republication. Get permission unless a specific work says it is public domain."
2026-09-28,,"Emergency Preparedness among Women with Infants — Alaska, 2012–2013",survival,pdf,State of Alaska,state,AK,health.alaska.gov,https://epi.alaska.gov/bulletins/docs/b2019_07.pdf,likely_copyrighted,not found,0,,https://www.amazon.com/s?k=Emergency+Preparedness+among+Women+with+Infants+%E2%80%94+Alaska%2C+2012%E2%80%932013&i=stripbooks,1,https://health.alaska.gov/en/resources/epidemiology-bulletins/,"Alaska (claims copyright, high confidence): Alaska state publications are not automatically public domain: the Alaska State Library says copyright law generally applies to them, statutes let agencies hold copyright (e.g. software), and agencies such as Fish and Game say all their works are copyrighted and require permission before republication. Get permission unless a specific work says it is public domain."
2026-09-28,,Report Tax Evasion/Fraud,survival,pdf,Alabama Department of Revenue,state,AL,revenue.alabama.gov,https://www.revenue.alabama.gov/wp-content/uploads/2021/10/INV_37283.pdf,check,not found,0,,https://www.amazon.com/s?k=Report+Tax+Evasion%2FFraud&i=stripbooks,2,https://www.revenue.alabama.gov/legal/investigations,"Alabama (unclear, low confidence): No Alabama statute, court decision or attorney general opinion on copyright in state agency works was found; the public records law (Ala. Code 36-12-40) gives a right to inspect and copy public writings but says nothing about reuse or copyright. Treat Alabama agency publications as possibly copyrighted and look for a notice or ask the agency."
2026-09-28,,Chemical Stockpile Emergency Preparedness Program,survival,pdf,Army Department,federal,,cma.army.mil,https://www.cma.army.mil/Docs/CMA/FactSheet_Chemical_Stockpile_Emergency_Prep_Program.pdf,likely_public_domain,yes,5,,https://www.amazon.com/dp/1482331586,1,https://www.cma.army.mil/Resources.aspx,"US federal government work: not protected by copyright in the US (17 U.S.C. 105). Contractor- or grantee-written parts and third-party photos or text inside it can still be copyrighted, and the US may claim copyright in other countries, which matters when choosing sales territories."
2026-09-27,,Guidelines for Pandemic Emergency Preparedness Planning: A Road Map for Courts,survival,pdf,Office of Court Administration,state,TX,txcourts.gov,https://www.txcourts.gov/media/1353181/PandemicRoadMapFINAL-031407.pdf,check,not found,0,,https://www.amazon.com/s?k=Guidelines+for+Pandemic+Emergency+Preparedness+Planning&i=stripbooks,1,https://www.txcourts.gov/organizations/policy-funding/task-force-on-judicial-emergency-preparedness/jrite-resource-archives/,"Texas (mixed, low confidence): The Texas State Library and Archives Commission says works it produces on its web properties are not copyright-protected. It says this does not extend to other State of Texas websites or local governments, whose works may be copyrighted. Harvard rates Texas 'yellow' (openness score -0.26), so treat non-TSLAC works as possibly copyrighted."
2026-09-27,,Overview of Emergency Preparedness Tools and Resources [,survival,pdf,Office of Court Administration,state,TX,txcourts.gov,https://www.txcourts.gov/media/1364028/TX-SC-TF-on-Jud-Emerg-Prep.pdf,check,not found,0,,https://www.amazon.com/s?k=Overview+of+Emergency+Preparedness+Tools+and+Resources+%5B&i=stripbooks,1,https://www.txcourts.gov/organizations/policy-funding/task-force-on-judicial-emergency-preparedness/meetings-agendas/,"Texas (mixed, low confidence): The Texas State Library and Archives Commission says works it produces on its web properties are not copyright-protected. It says this does not extend to other State of Texas websites or local governments, whose works may be copyrighted. Harvard rates Texas 'yellow' (openness score -0.26), so treat non-TSLAC works as possibly copyrighted."
2026-09-27,,"Analysis of Business Formation, Survival, and Attrition Rates of New and Existing Firms and Related Job Flows in Appalachia –",survival,pdf,Appalachian Regional Commission,federal,DC,arc.gov,https://arc.gov/wp-content/uploads/2001/10/AnalysisBusinessFormationSurvivalandAttritionRatesofNewExistingFirms1.pdf,likely_public_domain,not found,0,,https://www.amazon.com/s?k=Analysis+of+Business+Formation%2C+Survival%2C+and+Attrition+Rates+of+New+and+Existing&i=stripbooks,1,https://arc.gov/report/analysis-of-business-formation-survival-and-attrition-rates-of-new-and-existing-firms-and-related-job-flows-in-appalachia/,"US federal government work: not protected by copyright in the US (17 U.S.C. 105). Contractor- or grantee-written parts and third-party photos or text inside it can still be copyrighted, and the US may claim copyright in other countries, which matters when choosing sales territories."
