Title,Link,Found on (page),Authority,Source website,Pages,Notes
"Guide to sea state, wind, and clouds (1995)",https://repository.library.noaa.gov/view/noaa/56110/noaa_56110_DS1.pdf,https://repository.library.noaa.gov/view/noaa/56110,NOAA,repository.library.noaa.gov,52,NOAA book list 2026-09-26 (noaa-ir:56110); Amazon: 1995 (reprints 2018); waiting for a new edition
"Nautical chart user's manual, first edition (1997)",https://repository.library.noaa.gov/view/noaa/49555/noaa_49555_DS1.pdf,https://repository.library.noaa.gov/view/noaa/49555,NOAA,repository.library.noaa.gov,311,NOAA book list 2026-09-26 (noaa-ir:49555); Amazon: not on Amazon; to prepare
"U.S. chart no.1 : symbols, abbreviations and terms used on paper and electronic navigational charts (2013)",https://repository.library.noaa.gov/view/noaa/2719/noaa_2719_DS1.pdf,https://repository.library.noaa.gov/view/noaa/2719,NOAA,repository.library.noaa.gov,132,NOAA book list 2026-09-26 (noaa-ir:2719); Amazon: 2019 (13th edition); waiting for a new edition
National Weather Service Observing Handbook no.8 aviation weather observations for Supplementary Aviation Weather Reporting Stations (SAWRS) (1996),https://repository.library.noaa.gov/view/noaa/47778/noaa_47778_DS1.pdf,https://repository.library.noaa.gov/view/noaa/47778,NOAA,repository.library.noaa.gov,106,NOAA book list 2026-09-26 (noaa-ir:47778); Amazon: not on Amazon; to prepare
Mariners Weather Guide for Hawaiian Waters and the North Pacific (1972),https://repository.library.noaa.gov/view/noaa/49724/noaa_49724_DS1.pdf,https://repository.library.noaa.gov/view/noaa/49724,NOAA,repository.library.noaa.gov,12,NOAA book list 2026-09-26 (noaa-ir:49724); Amazon: not on Amazon; to prepare
Nautical chart manual (1992),https://repository.library.noaa.gov/view/noaa/49956/noaa_49956_DS1.pdf,https://repository.library.noaa.gov/view/noaa/49956,NOAA,repository.library.noaa.gov,376,"NOAA book list 2026-09-26 (noaa-ir:49956); Amazon: 2016 (Volume Three, digital specs); waiting for a new edition"
At sea safety manual (2006),https://repository.library.noaa.gov/view/noaa/3932/noaa_3932_DS1.pdf,https://repository.library.noaa.gov/view/noaa/3932,NOAA,repository.library.noaa.gov,96,NOAA book list 2026-09-26 (noaa-ir:3932); Amazon: not on Amazon; to prepare
Elevated residential structures. : reducing flood damage through building design : a guide manual (1976),https://repository.library.noaa.gov/view/noaa/1970/noaa_1970_DS1.pdf,https://repository.library.noaa.gov/view/noaa/1970,NOAA,repository.library.noaa.gov,116,"NOAA book list 2026-09-26 (noaa-ir:1970); Amazon: 1976 (original print, used); waiting for a new edition"
Mooring handbook (1976),https://repository.library.noaa.gov/view/noaa/66209/noaa_66209_DS1.pdf,https://repository.library.noaa.gov/view/noaa/66209,NOAA,repository.library.noaa.gov,89,NOAA book list 2026-09-26 (noaa-ir:66209); Amazon: not on Amazon; to prepare
Glossary of solar-terrestrial terms (2005),https://repository.library.noaa.gov/view/noaa/47323/noaa_47323_DS1.pdf,https://repository.library.noaa.gov/view/noaa/47323,NOAA,repository.library.noaa.gov,64,NOAA book list 2026-09-26 (noaa-ir:47323); Amazon: 1984 (older SESC edition); newer edition than Amazon - for NOAA chat
Tide and Current Glossary (2000),https://repository.library.noaa.gov/view/noaa/50141/noaa_50141_DS1.pdf,https://repository.library.noaa.gov/view/noaa/50141,NOAA,repository.library.noaa.gov,34,NOAA book list 2026-09-26 (noaa-ir:50141); Amazon: 2000; 2013 (GPO reprint); waiting for a new edition
Water quality indicators guide : surface waters (1989),https://repository.library.noaa.gov/view/noaa/1474/noaa_1474_DS1.pdf,https://repository.library.noaa.gov/view/noaa/1474,NOAA,repository.library.noaa.gov,131,NOAA book list 2026-09-26 (noaa-ir:1474); Amazon: 1989 edition (2013 GPO reprint; 1996 Terrene Institute reprint); waiting for a new edition
Field procedures manual (2014),https://repository.library.noaa.gov/view/noaa/17537/noaa_17537_DS1.pdf,https://repository.library.noaa.gov/view/noaa/17537,NOAA,repository.library.noaa.gov,635,NOAA book list 2026-09-26 (noaa-ir:17537); Amazon: not on Amazon; to prepare
"Northeast Fisheries Observer Program, Handbook for the Fishing Industry (2019)",https://repository.library.noaa.gov/view/noaa/22727/noaa_22727_DS1.pdf,https://repository.library.noaa.gov/view/noaa/22727,NOAA,repository.library.noaa.gov,44,NOAA book list 2026-09-26 (noaa-ir:22727); Amazon: not on Amazon; to prepare
Shoreline countermeasures manual (1994),https://repository.library.noaa.gov/view/noaa/30099/noaa_30099_DS1.pdf,https://repository.library.noaa.gov/view/noaa/30099,NOAA,repository.library.noaa.gov,106,NOAA book list 2026-09-26 (noaa-ir:30099); Amazon: not on Amazon; to prepare
Shoreline countermeasures manual : Alaska (1994),https://repository.library.noaa.gov/view/noaa/30100/noaa_30100_DS1.pdf,https://repository.library.noaa.gov/view/noaa/30100,NOAA,repository.library.noaa.gov,100,NOAA book list 2026-09-26 (noaa-ir:30100); Amazon: not on Amazon; to prepare
Shoreline countermeasures manual : tropical coastal environments (1993),https://repository.library.noaa.gov/view/noaa/2899/noaa_2899_DS1.pdf,https://repository.library.noaa.gov/view/noaa/2899,NOAA,repository.library.noaa.gov,104,NOAA book list 2026-09-26 (noaa-ir:2899); Amazon: not on Amazon; to prepare
"A laboratory guide to the identification of marine fish eggs collected on the northeast coast of the United States, 1977-1994 (2006)",https://repository.library.noaa.gov/view/noaa/5278/noaa_5278_DS1.pdf,https://repository.library.noaa.gov/view/noaa/5278,NOAA,repository.library.noaa.gov,172,NOAA book list 2026-09-26 (noaa-ir:5278); Amazon: not on Amazon; to prepare
Ice observer handbook (2011),https://repository.library.noaa.gov/view/noaa/6932/noaa_6932_DS1.pdf,https://repository.library.noaa.gov/view/noaa/6932,NOAA,repository.library.noaa.gov,50,NOAA book list 2026-09-26 (noaa-ir:6932); Amazon: not on Amazon; to prepare
International Copyright Relations of the United States (Circular 38A) (2026),https://copyright.gov/circs/circ38a.pdf,https://copyright.gov/help/faq/faq-general.html,Library of Congress,copyright.gov,24,copyright.gov copyright search 2026-10-03; Amazon: not found
Copyright Registration Toolkit (2026),https://www.copyright.gov/intellectual-property-toolkits/copyright-registration-toolkit.pdf,https://www.copyright.gov/intellectual-property-toolkits/,Library of Congress,copyright.gov,19,copyright.gov copyright search 2026-10-03; Amazon: not checked
"U.S. Copyright Law, December 2025 [size 6 MB]",https://www.copyright.gov/title17/title17.pdf,https://www.copyright.gov/title17/,Library of Congress,copyright.gov,486,copyright.gov copyright search 2026-10-03; Amazon: not checked
Part 3: Generative AI Training (Pre-publication) (2025),https://www.copyright.gov/ai/Copyright-and-Artificial-Intelligence-Part-3-Generative-AI-Training-Report-Pre-Publication-Version.pdf,https://www.copyright.gov/ai/,Library of Congress,copyright.gov,101,copyright.gov copyright search 2026-10-03; Amazon: title too generic to check
Part 2: Copyrightability (2025),https://www.copyright.gov/ai/Copyright-and-Artificial-Intelligence-Part-2-Copyrightability-Report.pdf,https://www.copyright.gov/ai/,Library of Congress,copyright.gov,52,copyright.gov copyright search 2026-10-03; Amazon: not checked
Court of Appeals Decision Affirming Refusal of Registration (2025),https://www.copyright.gov/ai/docs/court-of-appeals-decision-affirming-refusal-of-registration.pdf,https://www.copyright.gov/ai/,Library of Congress,copyright.gov,24,copyright.gov copyright search 2026-10-03; Amazon: not checked
"The Mechanical Licensing Collective (Apr. 1, 2024)",https://www.copyright.gov/rulemaking/mma-designations/2024/initial-submissions/mlc-initial-submission-2024.pdf,https://copyright.gov/rulemaking/mma-designations/2024/,Library of Congress,copyright.gov,205,copyright.gov copyright search 2026-10-03; Amazon: not checked
Part 1: Digital Replicas (2024),https://www.copyright.gov/ai/Copyright-and-Artificial-Intelligence-Part-1-Digital-Replicas-Report.pdf,https://www.copyright.gov/ai/,Library of Congress,copyright.gov,72,copyright.gov copyright search 2026-10-03; Amazon: title too generic to check
"The Mechanical Licensing Collective (July 29, 2024)",https://www.copyright.gov/rulemaking/mma-designations/The-MLC-Reply-Submission-07-29-24.pdf,https://copyright.gov/rulemaking/mma-designations/2024/,Library of Congress,copyright.gov,67,copyright.gov copyright search 2026-10-03; Amazon: not checked
The Geography of Copyright Registrations (2024),https://www.copyright.gov/economic-research/geography/The Geography of Copyright Registrations.pdf,https://copyright.gov/economic-research/geography/,Library of Congress,copyright.gov,36,copyright.gov copyright search 2026-10-03; Amazon: not found
FY 2024 Report,https://www.copyright.gov/licensing/financial-statements/fa/2024/statutory-licensing-fiduciary-assets.pdf,https://www.copyright.gov/licensing/,Library of Congress,copyright.gov,32,copyright.gov copyright search 2026-10-03; Amazon: not checked
Fiscal Year 2023,https://www.copyright.gov/licensing/financial-statements/fa/2023/statutory-licensing-fiduciary-assets.pdf,https://www.copyright.gov/licensing/,Library of Congress,copyright.gov,32,copyright.gov copyright search 2026-10-03; Amazon: not checked
"Registration Decision on Zarya of the Dawn (Feb. 21, 2023)",https://www.copyright.gov/docs/zarya-of-the-dawn.pdf,https://www.copyright.gov/ai/,Library of Congress,copyright.gov,29,copyright.gov copyright search 2026-10-03; Amazon: not checked
Letter on Deferred Registration Examination 2022 08 01,https://copyright.gov/policy/deferred-examination/Letter-on-Deferred-Registration-Examination-2022.08.01.pdf,https://copyright.gov/policy/,Library of Congress,copyright.gov,24,copyright.gov copyright search 2026-10-03; Amazon: not checked
"2021 Compendium full text (1,396 pages)",https://www.copyright.gov/comp3/docs/compendium.pdf,https://www.copyright.gov/comp3/,Library of Congress,copyright.gov,1396,copyright.gov copyright search 2026-10-03; Amazon: not checked
Registration for Multiple Works (2021),https://www.copyright.gov/comp3/chap1100/ch1100-registration-multiple-works.pdf,https://www.copyright.gov/comp3/,Library of Congress,copyright.gov,136,copyright.gov copyright search 2026-10-03; Amazon: not checked
Renewal Registration (2021),https://www.copyright.gov/comp3/chap2100/ch2100-renewal-registration.pdf,https://www.copyright.gov/comp3/,Library of Congress,copyright.gov,81,copyright.gov copyright search 2026-10-03; Amazon: not checked
Post-Registration Procedures (2021),https://www.copyright.gov/comp3/chap1800/ch1800-post-registration.pdf,https://www.copyright.gov/comp3/,Library of Congress,copyright.gov,58,copyright.gov copyright search 2026-10-03; Amazon: not checked
Identifying the Work(s) Covered by a Registration (2021),https://www.copyright.gov/comp3/chap500/ch500-identifying-works.pdf,https://www.copyright.gov/comp3/,Library of Congress,copyright.gov,36,copyright.gov copyright search 2026-10-03; Amazon: not checked
U.S. Copyright Office Services (2021),https://www.copyright.gov/comp3/chap2400/ch2400-office-services.pdf,https://www.copyright.gov/comp3/,Library of Congress,copyright.gov,30,copyright.gov copyright search 2026-10-03; Amazon: not checked
Fiscal Year 2021,https://www.copyright.gov/licensing/financial-statements/fa/2021/statutory-licensing-fiduciary-assets.pdf,https://www.copyright.gov/licensing/,Library of Congress,copyright.gov,20,copyright.gov copyright search 2026-10-03; Amazon: not checked
U.S. Copyright Office and the Copyright Law: General Background (2021),https://www.copyright.gov/comp3/chap100/ch100-general-background.pdf,https://www.copyright.gov/comp3/,Library of Congress,copyright.gov,20,copyright.gov copyright search 2026-10-03; Amazon: not checked
Overview of the Registration Process (2021),https://www.copyright.gov/comp3/chap200/ch200-registration-process.pdf,https://www.copyright.gov/comp3/,Library of Congress,copyright.gov,19,copyright.gov copyright search 2026-10-03; Amazon: not checked
Section 512 of Title 17 (2020),https://www.copyright.gov/policy/section512/section-512-full-report.pdf,https://copyright.gov/512/,Library of Congress,copyright.gov,251,copyright.gov copyright search 2026-10-03; Amazon: yes
Section 512 (2020),https://copyright.gov/policy/section512/section-512-full-report.pdf,https://copyright.gov/about/,Library of Congress,copyright.gov,251,copyright.gov copyright search 2026-10-03; Amazon: title too generic to check
Copyright Alternative in Small-Claims Enforcement Act of 2020 (CASE Act),https://www.copyright.gov/legislation/copyright-small-claims.pdf,https://www.copyright.gov/about/small-claims/,Library of Congress,copyright.gov,63,copyright.gov copyright search 2026-10-03; Amazon: not checked
Women in the Copyright System (2020),https://www.copyright.gov/policy/women-in-copyright-system/Women-in-the-Copyright-System.pdf,https://copyright.gov/policy/women-in-copyright-system/,Library of Congress,copyright.gov,22,copyright.gov copyright search 2026-10-03; Amazon: not found
Fiscal Year 2020,https://www.copyright.gov/licensing/financial-statements/fa/2020/statutory-licensing-fiduciary-assets.pdf,https://www.copyright.gov/licensing/,Library of Congress,copyright.gov,20,copyright.gov copyright search 2026-10-03; Amazon: not checked
Fiscal Year 2019,https://www.copyright.gov/licensing/financial-statements/fa/2019/statutory-licensing-fiduciary-assets.pdf,https://www.copyright.gov/licensing/,Library of Congress,copyright.gov,24,copyright.gov copyright search 2026-10-03; Amazon: not checked
Amendments to the Copyright Act as a result of the Orrin G. Hatch–Bob Goodlatte Music Modernization Act (2018),https://copyright.gov/legislation/2018_mma_amendments.pdf,https://copyright.gov/legislation/,Library of Congress,copyright.gov,57,copyright.gov copyright search 2026-10-03; Amazon: not found
"Compendium of U.S. Copyright Office Practices, Third Edition (Sept. 29, 2017) (1182 pages plus Table of Authorities)",https://www.copyright.gov/comp3/2017version/docs/compendium.pdf,https://copyright.gov/comp3/prior-editions.html,Library of Congress,copyright.gov,1180,copyright.gov copyright search 2026-10-03; Amazon: not checked
"Public Draft for the 2017 Update (Released June 1, 2017)",https://www.copyright.gov/comp3/2017version/docs/compendium-draft.pdf,https://copyright.gov/comp3/prior-editions.html,Library of Congress,copyright.gov,1168,copyright.gov copyright search 2026-10-03; Amazon: not checked
section 1201 full report (2017),https://www.copyright.gov/policy/1201/section-1201-full-report.pdf,https://www.copyright.gov/policy/1201/,Library of Congress,copyright.gov,195,copyright.gov copyright search 2026-10-03; Amazon: not found
Section 1201 Study (2017),https://copyright.gov/policy/1201/section-1201-full-report.pdf,https://copyright.gov/about/,Library of Congress,copyright.gov,195,copyright.gov copyright search 2026-10-03; Amazon: not found
Fiscal Year 2017,https://www.copyright.gov/licensing/financial-statements/fa/2017/statutory-licensing-fiduciary-assets.pdf,https://www.copyright.gov/licensing/,Library of Congress,copyright.gov,20,copyright.gov copyright search 2026-10-03; Amazon: not checked
Section 1201 Sixth Triennial Rulemaking Proceeding: Register’s Recommendation (2015),https://www.copyright.gov/1201/2015/registers-recommendation.pdf,https://www.copyright.gov/policy/1201/,Library of Congress,copyright.gov,407,copyright.gov copyright search 2026-10-03; Amazon: not found
Copyright and the Music Marketplace (2015),https://www.copyright.gov/policy/musiclicensingstudy/copyright-and-the-music-marketplace.pdf,https://www.copyright.gov/music-modernization/,Library of Congress,copyright.gov,246,copyright.gov copyright search 2026-10-03; Amazon: not checked
Copyright Office Needs To Develop Plans that Address Technical and Organizational Challenges (2015),https://www.copyright.gov/technology-reports/reports/gao-usco-report-2015.pdf,https://www.copyright.gov/technology-reports/,Library of Congress,copyright.gov,46,copyright.gov copyright search 2026-10-03; Amazon: not found
Copyright Small Claims Report (2013),https://www.copyright.gov/docs/smallclaims/usco-smallcopyrightclaims.pdf,https://www.copyright.gov/about/small-claims/,Library of Congress,copyright.gov,201,copyright.gov copyright search 2026-10-03; Amazon: not found
Priorities and Special Projects of the United States Copyright Office: 2011-2013,https://www.copyright.gov/docs/priorities.pdf,https://copyright.gov/docs/technical_upgrades/,Library of Congress,copyright.gov,18,copyright.gov copyright search 2026-10-03; Amazon: not found
Library of Congress Copyright Data as Distributed in the Marc Format document (2008),https://www.copyright.gov/policy/women-in-copyright-system/LOC-Copyright-Data-as-Distributed-in-the-MARC%2021-Format.pdf,https://copyright.gov/economic-research/usco-datasets/,Library of Congress,copyright.gov,28,copyright.gov copyright search 2026-10-03; Amazon: not found
Library of Congress Copyright information As Distributed in the MARC 21 Format (2008),https://copyright.gov/policy/women-in-copyright-system/LOC-Copyright-Data-as-Distributed-in-the-MARC%2021-Format.pdf,https://copyright.gov/economic-research/,Library of Congress,copyright.gov,28,copyright.gov copyright search 2026-10-03; Amazon: not found
Compendium II – 1998 revising Chapters 1600 and 1900 (595 pages plus index),https://www.copyright.gov/history/comp/compendium-two-1988-chap1600-1900.pdf,https://copyright.gov/comp3/prior-editions.html,Library of Congress,copyright.gov,727,copyright.gov copyright search 2026-10-03; Amazon: not checked
"Compendium I , 1973 revision (135 pages plus index & updates)",https://www.copyright.gov/history/comp/compendium-one.pdf,https://copyright.gov/comp3/prior-editions.html,Library of Congress,copyright.gov,534,copyright.gov copyright search 2026-10-03; Amazon: not checked
Federal Copyright Protection for Pre-1972 Sound Recordings,https://www.copyright.gov/docs/sound/pre-72-report.pdf,https://www.copyright.gov/music-modernization/,Library of Congress,copyright.gov,214,copyright.gov copyright search 2026-10-03; Amazon: not found
"Compendium I , 1967 (489 pages)",https://www.copyright.gov/comp3/1967version/Compendium-I-1967.pdf,https://copyright.gov/comp3/prior-editions.html,Library of Congress,copyright.gov,489,copyright.gov copyright search 2026-10-03; Amazon: not checked
transcript (2023),https://www.copyright.gov/ai/transcripts/230531-Copyright-and-AI-Music-and-Sound-Recordings-Session.pdf,https://www.copyright.gov/ai/listening-sessions.html,Library of Congress,copyright.gov,151,copyright.gov copyright search 2026-10-03; Amazon: not checked
Notice of Inquiry (2023),https://www.copyright.gov/ai/docs/Federal-Register-Document-Artificial-Intelligence-and-Copyright-NOI.pdf,https://www.copyright.gov/ai/,Library of Congress,copyright.gov,18,copyright.gov copyright search 2026-10-03; Amazon: not checked
Letter to Senator Tillis (2022),https://www.copyright.gov/policy/deferred-examination/Letter-on-Deferred-Registration-Examination-2022.08.01.pdf,https://copyright.gov/policy/deferred-examination/,Library of Congress,copyright.gov,24,copyright.gov copyright search 2026-10-03; Amazon: not checked
Notice of Copyright (2021),https://www.copyright.gov/comp3/chap2200/ch2200-notice.pdf,https://www.copyright.gov/comp3/,Library of Congress,copyright.gov,25,copyright.gov copyright search 2026-10-03; Amazon: not checked
TBMP Master Document (2026),https://www.uspto.gov/sites/default/files/documents/tbmp-Master-June2026.pdf,http://www.uspto.gov/trademarks-application-process/appealing-trademark-decisions/tbmp-preface,U.S. Patent and Trademark Office,uspto.gov,51,uspto.gov trademark search 2026-10-03; Amazon: not found
tm uspto hour trademarks february 2026,https://www.uspto.gov/sites/default/files/documents/tm-uspto-hour-trademarks-february-2026.pdf,https://www.uspto.gov/sitemap-2.xml,U.S. Patent and Trademark Office,uspto.gov,49,uspto.gov trademark search 2026-10-03; Amazon: not found
tm uspto hour trademarks august 2026,https://www.uspto.gov/sites/default/files/documents/tm-uspto-hour-trademarks-august-2026.pdf,https://www.uspto.gov/sitemap-2.xml,U.S. Patent and Trademark Office,uspto.gov,26,uspto.gov trademark search 2026-10-03; Amazon: not found
tm uspto hour trademarks september 2026,https://www.uspto.gov/sites/default/files/documents/tm-uspto-hour-trademarks-september-2026.pdf,https://www.uspto.gov/sitemap-2.xml,U.S. Patent and Trademark Office,uspto.gov,25,uspto.gov trademark search 2026-10-03; Amazon: not found
tbmp Master June2025,https://www.uspto.gov/sites/default/files/documents/tbmp-Master-June2025.pdf,https://www.uspto.gov/sitemap-2.xml,U.S. Patent and Trademark Office,uspto.gov,1220,uspto.gov trademark search 2026-10-03; Amazon: not found
tbmp 0500 June2025,https://www.uspto.gov/sites/default/files/documents/tbmp-0500-June2025.pdf,https://www.uspto.gov/sitemap-2.xml,U.S. Patent and Trademark Office,uspto.gov,192,uspto.gov trademark search 2026-10-03; Amazon: not found
tbmp 0700 June2025,https://www.uspto.gov/sites/default/files/documents/tbmp-0700-June2025.pdf,https://www.uspto.gov/sitemap-2.xml,U.S. Patent and Trademark Office,uspto.gov,188,uspto.gov trademark search 2026-10-03; Amazon: not found
tbmp 0400 June2025,https://www.uspto.gov/sites/default/files/documents/tbmp-0400-June2025.pdf,https://www.uspto.gov/sitemap-2.xml,U.S. Patent and Trademark Office,uspto.gov,179,uspto.gov trademark search 2026-10-03; Amazon: not found
tbmp 0300 June2025,https://www.uspto.gov/sites/default/files/documents/tbmp-0300-June2025.pdf,https://www.uspto.gov/sitemap-2.xml,U.S. Patent and Trademark Office,uspto.gov,147,uspto.gov trademark search 2026-10-03; Amazon: not found
tm mastering trademark center 20250325 (2025),https://www.uspto.gov/sites/default/files/documents/tm-mastering-trademark-center-20250325.pdf,https://www.uspto.gov/sitemap-2.xml,U.S. Patent and Trademark Office,uspto.gov,114,uspto.gov trademark search 2026-10-03; Amazon: not found
tbmp 1200 June2025,https://www.uspto.gov/sites/default/files/documents/tbmp-1200-June2025.pdf,https://www.uspto.gov/sitemap-2.xml,U.S. Patent and Trademark Office,uspto.gov,104,uspto.gov trademark search 2026-10-03; Amazon: not found
tbmp 0100 June2025,https://www.uspto.gov/sites/default/files/documents/tbmp-0100-June2025.pdf,https://www.uspto.gov/sitemap-2.xml,U.S. Patent and Trademark Office,uspto.gov,88,uspto.gov trademark search 2026-10-03; Amazon: not found
NOBC Trademark Fraud Issues for Attorneys5292025 (2025),https://www.uspto.gov/sites/default/files/documents/NOBC-Trademark-Fraud-Issues-for-Attorneys5292025.pdf,https://www.uspto.gov/sitemap-2.xml,U.S. Patent and Trademark Office,uspto.gov,69,uspto.gov trademark search 2026-10-03; Amazon: not found
tm-uspto-hour-trademarks-may-2025,https://www.uspto.gov/sites/default/files/documents/tm-uspto-hour-trademarks-may-2025.pdf,https://www.uspto.gov/about-us/events/uspto-hour-introduction-trademark-trial-and-appeal-board,U.S. Patent and Trademark Office,uspto.gov,50,uspto.gov trademark search 2026-10-03; Amazon: not found
tbmp 1100 June2025,https://www.uspto.gov/sites/default/files/documents/tbmp-1100-June2025.pdf,https://www.uspto.gov/sitemap-2.xml,U.S. Patent and Trademark Office,uspto.gov,46,uspto.gov trademark search 2026-10-03; Amazon: not found
tbmp 0200 June2025,https://www.uspto.gov/sites/default/files/documents/tbmp-0200-June2025.pdf,https://www.uspto.gov/sitemap-2.xml,U.S. Patent and Trademark Office,uspto.gov,44,uspto.gov trademark search 2026-10-03; Amazon: not found
tbmp 0900 June2025,https://www.uspto.gov/sites/default/files/documents/tbmp-0900-June2025.pdf,https://www.uspto.gov/sitemap-2.xml,U.S. Patent and Trademark Office,uspto.gov,40,uspto.gov trademark search 2026-10-03; Amazon: not found
tm uspto hour trademarks april 2025,https://www.uspto.gov/sites/default/files/documents/tm-uspto-hour-trademarks-april-2025.pdf,https://www.uspto.gov/sitemap-2.xml,U.S. Patent and Trademark Office,uspto.gov,35,uspto.gov trademark search 2026-10-03; Amazon: not found
tbmp 0800 June2025,https://www.uspto.gov/sites/default/files/documents/tbmp-0800-June2025.pdf,https://www.uspto.gov/sitemap-2.xml,U.S. Patent and Trademark Office,uspto.gov,26,uspto.gov trademark search 2026-10-03; Amazon: not found
tbmp 0600 June2025,https://www.uspto.gov/sites/default/files/documents/tbmp-0600-June2025.pdf,https://www.uspto.gov/sitemap-2.xml,U.S. Patent and Trademark Office,uspto.gov,26,uspto.gov trademark search 2026-10-03; Amazon: not found
tbmp 1300 June2025,https://www.uspto.gov/sites/default/files/documents/tbmp-1300-June2025.pdf,https://www.uspto.gov/sitemap-2.xml,U.S. Patent and Trademark Office,uspto.gov,25,uspto.gov trademark search 2026-10-03; Amazon: not found
tbmp Master June2024,https://www.uspto.gov/sites/default/files/documents/tbmp-Master-June2024.pdf,https://www.uspto.gov/sitemap-2.xml,U.S. Patent and Trademark Office,uspto.gov,1194,uspto.gov trademark search 2026-10-03; Amazon: not found
tbmp 0500 June2024,https://www.uspto.gov/sites/default/files/documents/tbmp-0500-June2024.pdf,https://www.uspto.gov/sitemap-2.xml,U.S. Patent and Trademark Office,uspto.gov,189,uspto.gov trademark search 2026-10-03; Amazon: not found
tbmp 0700 June2024,https://www.uspto.gov/sites/default/files/documents/tbmp-0700-June2024.pdf,https://www.uspto.gov/sitemap-2.xml,U.S. Patent and Trademark Office,uspto.gov,183,uspto.gov trademark search 2026-10-03; Amazon: not found
tbmp 0400 June2024,https://www.uspto.gov/sites/default/files/documents/tbmp-0400-June2024.pdf,https://www.uspto.gov/sitemap-2.xml,U.S. Patent and Trademark Office,uspto.gov,177,uspto.gov trademark search 2026-10-03; Amazon: not found
tbmp 0300 June2024,https://www.uspto.gov/sites/default/files/documents/tbmp-0300-June2024.pdf,https://www.uspto.gov/sitemap-2.xml,U.S. Patent and Trademark Office,uspto.gov,144,uspto.gov trademark search 2026-10-03; Amazon: not found
tbmp 1200 June2024,https://www.uspto.gov/sites/default/files/documents/tbmp-1200-June2024.pdf,https://www.uspto.gov/sitemap-2.xml,U.S. Patent and Trademark Office,uspto.gov,102,uspto.gov trademark search 2026-10-03; Amazon: not found
tbmp 0100 June2024,https://www.uspto.gov/sites/default/files/documents/tbmp-0100-June2024.pdf,https://www.uspto.gov/sitemap-2.xml,U.S. Patent and Trademark Office,uspto.gov,87,uspto.gov trademark search 2026-10-03; Amazon: not found
Using Assignment Center Trademarks training (2024),https://www.uspto.gov/sites/default/files/documents/Using-Assignment-Center-Trademarks-training.pdf,https://www.uspto.gov/sitemap-2.xml,U.S. Patent and Trademark Office,uspto.gov,74,uspto.gov trademark search 2026-10-03; Amazon: not found
tbmp 1100 June2024,https://www.uspto.gov/sites/default/files/documents/tbmp-1100-June2024.pdf,https://www.uspto.gov/sitemap-2.xml,U.S. Patent and Trademark Office,uspto.gov,46,uspto.gov trademark search 2026-10-03; Amazon: not found
tbmp 0200 June2024,https://www.uspto.gov/sites/default/files/documents/tbmp-0200-June2024.pdf,https://www.uspto.gov/sitemap-2.xml,U.S. Patent and Trademark Office,uspto.gov,44,uspto.gov trademark search 2026-10-03; Amazon: not found
tbmp 0900 June2024,https://www.uspto.gov/sites/default/files/documents/tbmp-0900-June2024.pdf,https://www.uspto.gov/sitemap-2.xml,U.S. Patent and Trademark Office,uspto.gov,40,uspto.gov trademark search 2026-10-03; Amazon: not found
1 Trademark Basics April 12 2024 Pathways,https://www.uspto.gov/sites/default/files/documents/1-Trademark-Basics-April-12-2024-Pathways.pdf,https://www.uspto.gov/sitemap-2.xml,U.S. Patent and Trademark Office,uspto.gov,33,uspto.gov trademark search 2026-10-03; Amazon: not found
tbmp 0600 June2024,https://www.uspto.gov/sites/default/files/documents/tbmp-0600-June2024.pdf,https://www.uspto.gov/sitemap-2.xml,U.S. Patent and Trademark Office,uspto.gov,26,uspto.gov trademark search 2026-10-03; Amazon: not found
tbmp 9010 ListOfChanges June2024,https://www.uspto.gov/sites/default/files/documents/tbmp-9010-ListOfChanges-June2024.pdf,https://www.uspto.gov/sitemap-2.xml,U.S. Patent and Trademark Office,uspto.gov,25,uspto.gov trademark search 2026-10-03; Amazon: not found
tbmp 0800 June2024,https://www.uspto.gov/sites/default/files/documents/tbmp-0800-June2024.pdf,https://www.uspto.gov/sitemap-2.xml,U.S. Patent and Trademark Office,uspto.gov,25,uspto.gov trademark search 2026-10-03; Amazon: not found
tbmp 1300 June2024,https://www.uspto.gov/sites/default/files/documents/tbmp-1300-June2024.pdf,https://www.uspto.gov/sitemap-2.xml,U.S. Patent and Trademark Office,uspto.gov,24,uspto.gov trademark search 2026-10-03; Amazon: not found
tbmp Master June2023,https://www.uspto.gov/sites/default/files/documents/tbmp-Master-June2023.pdf,https://www.uspto.gov/sitemap-2.xml,U.S. Patent and Trademark Office,uspto.gov,1089,uspto.gov trademark search 2026-10-03; Amazon: not found
tbmp 0500 June2023,https://www.uspto.gov/sites/default/files/documents/tbmp-0500-June2023.pdf,https://www.uspto.gov/sitemap-2.xml,U.S. Patent and Trademark Office,uspto.gov,187,uspto.gov trademark search 2026-10-03; Amazon: not found
tbmp 0700 June2023,https://www.uspto.gov/sites/default/files/documents/tbmp-0700-June2023.pdf,https://www.uspto.gov/sitemap-2.xml,U.S. Patent and Trademark Office,uspto.gov,183,uspto.gov trademark search 2026-10-03; Amazon: not found
tbmp 0400 June2023,https://www.uspto.gov/sites/default/files/documents/tbmp-0400-June2023.pdf,https://www.uspto.gov/sitemap-2.xml,U.S. Patent and Trademark Office,uspto.gov,177,uspto.gov trademark search 2026-10-03; Amazon: not found
tbmp 0300 June2023,https://www.uspto.gov/sites/default/files/documents/tbmp-0300-June2023.pdf,https://www.uspto.gov/sitemap-2.xml,U.S. Patent and Trademark Office,uspto.gov,142,uspto.gov trademark search 2026-10-03; Amazon: not found
tbmp 1200 June2023,https://www.uspto.gov/sites/default/files/documents/tbmp-1200-June2023.pdf,https://www.uspto.gov/sitemap-2.xml,U.S. Patent and Trademark Office,uspto.gov,101,uspto.gov trademark search 2026-10-03; Amazon: not found
tbmp 0100 June2023,https://www.uspto.gov/sites/default/files/documents/tbmp-0100-June2023.pdf,https://www.uspto.gov/sitemap-2.xml,U.S. Patent and Trademark Office,uspto.gov,86,uspto.gov trademark search 2026-10-03; Amazon: not found
tm trademarks failuretofunction 20230328 (2023),https://www.uspto.gov/sites/default/files/documents/tm-trademarks-failuretofunction-20230328.pdf,https://www.uspto.gov/sitemap-2.xml,U.S. Patent and Trademark Office,uspto.gov,55,uspto.gov trademark search 2026-10-03; Amazon: not found
tbmp 1100 June2023,https://www.uspto.gov/sites/default/files/documents/tbmp-1100-June2023.pdf,https://www.uspto.gov/sitemap-2.xml,U.S. Patent and Trademark Office,uspto.gov,46,uspto.gov trademark search 2026-10-03; Amazon: not found
tbmp 0200 June2023,https://www.uspto.gov/sites/default/files/documents/tbmp-0200-June2023.pdf,https://www.uspto.gov/sitemap-2.xml,U.S. Patent and Trademark Office,uspto.gov,44,uspto.gov trademark search 2026-10-03; Amazon: not found
tm trademarks scamprevention 20230427 (2023),https://www.uspto.gov/sites/default/files/documents/tm-trademarks-scamprevention_20230427.pdf,https://www.uspto.gov/sitemap-2.xml,U.S. Patent and Trademark Office,uspto.gov,44,uspto.gov trademark search 2026-10-03; Amazon: not found
1 Pathways Trademark Basics (2023),https://www.uspto.gov/sites/default/files/documents/1_Pathways_Trademark_Basics.pdf,https://www.uspto.gov/sitemap-2.xml,U.S. Patent and Trademark Office,uspto.gov,39,uspto.gov trademark search 2026-10-03; Amazon: not found
tbmp 0900 June2023,https://www.uspto.gov/sites/default/files/documents/tbmp-0900-June2023.pdf,https://www.uspto.gov/sitemap-2.xml,U.S. Patent and Trademark Office,uspto.gov,38,uspto.gov trademark search 2026-10-03; Amazon: not found
tbmp 0600 June2023,https://www.uspto.gov/sites/default/files/documents/tbmp-0600-June2023.pdf,https://www.uspto.gov/sitemap-2.xml,U.S. Patent and Trademark Office,uspto.gov,26,uspto.gov trademark search 2026-10-03; Amazon: not found
tbmp 0800 June2023,https://www.uspto.gov/sites/default/files/documents/tbmp-0800-June2023.pdf,https://www.uspto.gov/sitemap-2.xml,U.S. Patent and Trademark Office,uspto.gov,25,uspto.gov trademark search 2026-10-03; Amazon: not found
tbmp 1300 June2023,https://www.uspto.gov/sites/default/files/documents/tbmp-1300-June2023.pdf,https://www.uspto.gov/sitemap-2.xml,U.S. Patent and Trademark Office,uspto.gov,23,uspto.gov trademark search 2026-10-03; Amazon: not found
tbmp Master June2022,https://www.uspto.gov/sites/default/files/documents/tbmp-Master-June2022.pdf,https://www.uspto.gov/sitemap-2.xml,U.S. Patent and Trademark Office,uspto.gov,1079,uspto.gov trademark search 2026-10-03; Amazon: not found
tbmp 0500 June2022,https://www.uspto.gov/sites/default/files/documents/tbmp-0500-June2022.pdf,https://www.uspto.gov/sitemap-2.xml,U.S. Patent and Trademark Office,uspto.gov,185,uspto.gov trademark search 2026-10-03; Amazon: not found
tbmp 0700 June2022,https://www.uspto.gov/sites/default/files/documents/tbmp-0700-June2022.pdf,https://www.uspto.gov/sitemap-2.xml,U.S. Patent and Trademark Office,uspto.gov,179,uspto.gov trademark search 2026-10-03; Amazon: not found
tbmp 0400 June2022,https://www.uspto.gov/sites/default/files/documents/tbmp-0400-June2022.pdf,https://www.uspto.gov/sitemap-2.xml,U.S. Patent and Trademark Office,uspto.gov,176,uspto.gov trademark search 2026-10-03; Amazon: not found
tbmp 0300 June2022,https://www.uspto.gov/sites/default/files/documents/tbmp-0300-June2022.pdf,https://www.uspto.gov/sitemap-2.xml,U.S. Patent and Trademark Office,uspto.gov,141,uspto.gov trademark search 2026-10-03; Amazon: not found
tbmp 1200 June2022,https://www.uspto.gov/sites/default/files/documents/tbmp-1200-June2022.pdf,https://www.uspto.gov/sitemap-2.xml,U.S. Patent and Trademark Office,uspto.gov,99,uspto.gov trademark search 2026-10-03; Amazon: not found
tbmp 0100 June2022,https://www.uspto.gov/sites/default/files/documents/tbmp-0100-June2022.pdf,https://www.uspto.gov/sitemap-2.xml,U.S. Patent and Trademark Office,uspto.gov,86,uspto.gov trademark search 2026-10-03; Amazon: not found
Trademarks Advanced Searching Sept272022 (2022),https://www.uspto.gov/sites/default/files/documents/Trademarks-Advanced-Searching-Sept272022.pdf,https://www.uspto.gov/sitemap-2.xml,U.S. Patent and Trademark Office,uspto.gov,48,uspto.gov trademark search 2026-10-03; Amazon: not found
tbmp 1100 June2022,https://www.uspto.gov/sites/default/files/documents/tbmp-1100-June2022.pdf,https://www.uspto.gov/sitemap-2.xml,U.S. Patent and Trademark Office,uspto.gov,46,uspto.gov trademark search 2026-10-03; Amazon: not found
tbmp 0200 June2022,https://www.uspto.gov/sites/default/files/documents/tbmp-0200-June2022.pdf,https://www.uspto.gov/sitemap-2.xml,U.S. Patent and Trademark Office,uspto.gov,44,uspto.gov trademark search 2026-10-03; Amazon: not found
tbmp 0900 June2022,https://www.uspto.gov/sites/default/files/documents/tbmp-0900-June2022.pdf,https://www.uspto.gov/sitemap-2.xml,U.S. Patent and Trademark Office,uspto.gov,39,uspto.gov trademark search 2026-10-03; Amazon: not found
InventionCon 2022 Trademark Basics,https://www.uspto.gov/sites/default/files/documents/InventionCon_2022_Trademark_Basics.pdf,https://www.uspto.gov/sitemap-2.xml,U.S. Patent and Trademark Office,uspto.gov,32,uspto.gov trademark search 2026-10-03; Amazon: not found
tbmp 0600 June2022,https://www.uspto.gov/sites/default/files/documents/tbmp-0600-June2022.pdf,https://www.uspto.gov/sitemap-2.xml,U.S. Patent and Trademark Office,uspto.gov,26,uspto.gov trademark search 2026-10-03; Amazon: not found
tbmp 0800 June2022,https://www.uspto.gov/sites/default/files/documents/tbmp-0800-June2022.pdf,https://www.uspto.gov/sitemap-2.xml,U.S. Patent and Trademark Office,uspto.gov,24,uspto.gov trademark search 2026-10-03; Amazon: not found
tbmp 1300 June2022,https://www.uspto.gov/sites/default/files/documents/tbmp-1300-June2022.pdf,https://www.uspto.gov/sitemap-2.xml,U.S. Patent and Trademark Office,uspto.gov,23,uspto.gov trademark search 2026-10-03; Amazon: not found
20221104 TPAC Trademarks management report update (2022),https://www.uspto.gov/sites/default/files/documents/20221104-TPAC-Trademarks-management-report-update.pdf,https://www.uspto.gov/sitemap-2.xml,U.S. Patent and Trademark Office,uspto.gov,22,uspto.gov trademark search 2026-10-03; Amazon: not found
20221104 TPAC Trademark Trial and Appeal Board (2022),https://www.uspto.gov/sites/default/files/documents/20221104-TPAC-Trademark-Trial-and-Appeal-Board.pdf,https://www.uspto.gov/sitemap-2.xml,U.S. Patent and Trademark Office,uspto.gov,21,uspto.gov trademark search 2026-10-03; Amazon: not found
Trademark sponsorship tool guide (2022),https://www.uspto.gov/sites/default/files/documents/Trademark-sponsorship-tool-guide.pdf,https://www.uspto.gov/systems-information/trademark-trial-and-appeal-board-ttab-center,U.S. Patent and Trademark Office,uspto.gov,19,uspto.gov trademark search 2026-10-03; Amazon: not found
tbmp Master June2021,https://www.uspto.gov/sites/default/files/documents/tbmp-Master_June2021.pdf,https://www.uspto.gov/sitemap-2.xml,U.S. Patent and Trademark Office,uspto.gov,1052,uspto.gov trademark search 2026-10-03; Amazon: not found
trademark rules and statues 2021 7 2,https://www.uspto.gov/sites/default/files/documents/trademark_rules_and_statues_2021-7-2.pdf,https://www.uspto.gov/sitemap-2.xml,U.S. Patent and Trademark Office,uspto.gov,274,uspto.gov trademark search 2026-10-03; Amazon: not found
tbmp 0500 June2021,https://www.uspto.gov/sites/default/files/documents/tbmp-0500_June2021.pdf,https://www.uspto.gov/sitemap-2.xml,U.S. Patent and Trademark Office,uspto.gov,183,uspto.gov trademark search 2026-10-03; Amazon: not found
tbmp 0700 June2021,https://www.uspto.gov/sites/default/files/documents/tbmp-0700_June2021.pdf,https://www.uspto.gov/sitemap-2.xml,U.S. Patent and Trademark Office,uspto.gov,177,uspto.gov trademark search 2026-10-03; Amazon: not found
tbmp 0400 June2021,https://www.uspto.gov/sites/default/files/documents/tbmp-0400_June2021.pdf,https://www.uspto.gov/sitemap-2.xml,U.S. Patent and Trademark Office,uspto.gov,175,uspto.gov trademark search 2026-10-03; Amazon: not found
tbmp 0300 June2021,https://www.uspto.gov/sites/default/files/documents/tbmp-0300_June2021.pdf,https://www.uspto.gov/sitemap-2.xml,U.S. Patent and Trademark Office,uspto.gov,138,uspto.gov trademark search 2026-10-03; Amazon: not found
tbmp 1200 June2021,https://www.uspto.gov/sites/default/files/documents/tbmp-1200_June2021.pdf,https://www.uspto.gov/sitemap-2.xml,U.S. Patent and Trademark Office,uspto.gov,97,uspto.gov trademark search 2026-10-03; Amazon: not found
Trademarks Restaurants 20210719 (2021),https://www.uspto.gov/sites/default/files/documents/Trademarks-Restaurants-20210719.pdf,https://www.uspto.gov/sitemap-2.xml,U.S. Patent and Trademark Office,uspto.gov,87,uspto.gov trademark search 2026-10-03; Amazon: not found
tbmp 0100 June2021,https://www.uspto.gov/sites/default/files/documents/tbmp-0100_June2021.pdf,https://www.uspto.gov/sitemap-2.xml,U.S. Patent and Trademark Office,uspto.gov,86,uspto.gov trademark search 2026-10-03; Amazon: not found
tbmp 1100 June2021,https://www.uspto.gov/sites/default/files/documents/tbmp-1100_June2021.pdf,https://www.uspto.gov/sitemap-2.xml,U.S. Patent and Trademark Office,uspto.gov,49,uspto.gov trademark search 2026-10-03; Amazon: not found
20210730 TPAC Trademarks Business Performance (2021),https://www.uspto.gov/sites/default/files/documents/20210730_TPAC-Trademarks_Business_Performance.pdf,https://www.uspto.gov/sitemap-2.xml,U.S. Patent and Trademark Office,uspto.gov,47,uspto.gov trademark search 2026-10-03; Amazon: not found
tbmp 0200 June2021,https://www.uspto.gov/sites/default/files/documents/tbmp-0200_June2021.pdf,https://www.uspto.gov/sitemap-2.xml,U.S. Patent and Trademark Office,uspto.gov,44,uspto.gov trademark search 2026-10-03; Amazon: not found
tbmp 0900 June2021,https://www.uspto.gov/sites/default/files/documents/tbmp-0900_June2021.pdf,https://www.uspto.gov/sitemap-2.xml,U.S. Patent and Trademark Office,uspto.gov,38,uspto.gov trademark search 2026-10-03; Amazon: not found
20210521 TPAC Trademarks FY2021 Priorities,https://www.uspto.gov/sites/default/files/documents/20210521_TPAC-Trademarks_FY2021_Priorities.pdf,https://www.uspto.gov/sitemap-2.xml,U.S. Patent and Trademark Office,uspto.gov,37,uspto.gov trademark search 2026-10-03; Amazon: not found
20210730 TPAC Trademarks FY2021 priorities,https://www.uspto.gov/sites/default/files/documents/20210730_TPAC-Trademarks_FY2021_priorities.pdf,https://www.uspto.gov/sitemap-2.xml,U.S. Patent and Trademark Office,uspto.gov,33,uspto.gov trademark search 2026-10-03; Amazon: not found
tbmp 0600 June2021,https://www.uspto.gov/sites/default/files/documents/tbmp-0600_June2021.pdf,https://www.uspto.gov/sitemap-2.xml,U.S. Patent and Trademark Office,uspto.gov,26,uspto.gov trademark search 2026-10-03; Amazon: not found
tbmp 9010 ListOfChanges June2021,https://www.uspto.gov/sites/default/files/documents/tbmp-9010-ListOfChanges_June2021.pdf,https://www.uspto.gov/sitemap-2.xml,U.S. Patent and Trademark Office,uspto.gov,25,uspto.gov trademark search 2026-10-03; Amazon: not found
tbmp 0800 June2021,https://www.uspto.gov/sites/default/files/documents/tbmp-0800_June2021.pdf,https://www.uspto.gov/sitemap-2.xml,U.S. Patent and Trademark Office,uspto.gov,24,uspto.gov trademark search 2026-10-03; Amazon: not found
20211015 TPAC Trademark Examination Policy (2021),https://www.uspto.gov/sites/default/files/documents/20211015-TPAC-Trademark-Examination-Policy.pdf,https://www.uspto.gov/sitemap-2.xml,U.S. Patent and Trademark Office,uspto.gov,18,uspto.gov trademark search 2026-10-03; Amazon: not found
tbmp 0500 June2020,https://www.uspto.gov/sites/default/files/documents/tbmp-0500-June2020.pdf,https://www.uspto.gov/sitemap-1.xml,U.S. Patent and Trademark Office,uspto.gov,179,uspto.gov trademark search 2026-10-03; Amazon: not found
Electronic System for Trademark Trials and Appeals User Manual ESTTA User Manual (2020),http://estta.uspto.gov/estta12-usermanual.pdf,https://www.uspto.gov/trademarks/ttab/trademark-trial-and-appeal-board-ttab,U.S. Patent and Trademark Office,uspto.gov,176,uspto.gov trademark search 2026-10-03; Amazon: not found
tbmp 0700 June2020,https://www.uspto.gov/sites/default/files/documents/tbmp-0700-June2020.pdf,https://www.uspto.gov/sitemap-1.xml,U.S. Patent and Trademark Office,uspto.gov,173,uspto.gov trademark search 2026-10-03; Amazon: not found
tbmp 0400 June2020,https://www.uspto.gov/sites/default/files/documents/tbmp-0400-June2020.pdf,https://www.uspto.gov/sitemap-1.xml,U.S. Patent and Trademark Office,uspto.gov,173,uspto.gov trademark search 2026-10-03; Amazon: not found
tbmp 0300 June2020,https://www.uspto.gov/sites/default/files/documents/tbmp-0300-June2020.pdf,https://www.uspto.gov/sitemap-1.xml,U.S. Patent and Trademark Office,uspto.gov,136,uspto.gov trademark search 2026-10-03; Amazon: not found
tbmp 1200 June2020,https://www.uspto.gov/sites/default/files/documents/tbmp-1200-June2020.pdf,https://www.uspto.gov/sitemap-1.xml,U.S. Patent and Trademark Office,uspto.gov,92,uspto.gov trademark search 2026-10-03; Amazon: not found
tbmp 0100 June2020,https://www.uspto.gov/sites/default/files/documents/tbmp-0100-June2020.pdf,https://www.uspto.gov/sitemap-1.xml,U.S. Patent and Trademark Office,uspto.gov,85,uspto.gov trademark search 2026-10-03; Amazon: not found
tbmp 1100 June2020,https://www.uspto.gov/sites/default/files/documents/tbmp-1100-June2020.pdf,https://www.uspto.gov/sitemap-1.xml,U.S. Patent and Trademark Office,uspto.gov,48,uspto.gov trademark search 2026-10-03; Amazon: not found
tbmp 0200 June2020,https://www.uspto.gov/sites/default/files/documents/tbmp-0200-June2020.pdf,https://www.uspto.gov/sitemap-1.xml,U.S. Patent and Trademark Office,uspto.gov,44,uspto.gov trademark search 2026-10-03; Amazon: not found
InventionCon2020 Applying for a trademark,https://www.uspto.gov/sites/default/files/documents/InventionCon2020_Applying_for_a_trademark.pdf,https://www.uspto.gov/sitemap-1.xml,U.S. Patent and Trademark Office,uspto.gov,39,uspto.gov trademark search 2026-10-03; Amazon: not found
tbmp 0900 June2020,https://www.uspto.gov/sites/default/files/documents/tbmp-0900-June2020.pdf,https://www.uspto.gov/sitemap-1.xml,U.S. Patent and Trademark Office,uspto.gov,37,uspto.gov trademark search 2026-10-03; Amazon: not found
tbmp 0600 June2020,https://www.uspto.gov/sites/default/files/documents/tbmp-0600-June2020.pdf,https://www.uspto.gov/sitemap-1.xml,U.S. Patent and Trademark Office,uspto.gov,26,uspto.gov trademark search 2026-10-03; Amazon: not found
tbmp 0800 June2020,https://www.uspto.gov/sites/default/files/documents/tbmp-0800-June2020.pdf,https://www.uspto.gov/sitemap-1.xml,U.S. Patent and Trademark Office,uspto.gov,23,uspto.gov trademark search 2026-10-03; Amazon: not found
GIPA Russian Trademarks (2020),https://www.uspto.gov/sites/default/files/documents/GIPA-Russian-Trademarks.pdf,https://www.uspto.gov/sitemap-1.xml,U.S. Patent and Trademark Office,uspto.gov,22,uspto.gov trademark search 2026-10-03; Amazon: not found
tbmp Changes June2020,https://www.uspto.gov/sites/default/files/documents/tbmp-Changes-June2020.pdf,https://www.uspto.gov/sitemap-1.xml,U.S. Patent and Trademark Office,uspto.gov,21,uspto.gov trademark search 2026-10-03; Amazon: not found
GIPA Spanish Trademarks (2020),https://www.uspto.gov/sites/default/files/documents/GIPA-Spanish-Trademarks.pdf,https://www.uspto.gov/sitemap-1.xml,U.S. Patent and Trademark Office,uspto.gov,19,uspto.gov trademark search 2026-10-03; Amazon: not found
tbmp 2019 Archived 02,https://www.uspto.gov/sites/default/files/documents/tbmp-2019-Archived_02.pdf,https://www.uspto.gov/sitemap-1.xml,U.S. Patent and Trademark Office,uspto.gov,1028,uspto.gov trademark search 2026-10-03; Amazon: not found
tbmp 0500 June2019,https://www.uspto.gov/sites/default/files/documents/tbmp-0500-June2019.pdf,https://www.uspto.gov/sitemap-1.xml,U.S. Patent and Trademark Office,uspto.gov,179,uspto.gov trademark search 2026-10-03; Amazon: not found
tbmp 0400 June2019,https://www.uspto.gov/sites/default/files/documents/tbmp-0400-June2019.pdf,https://www.uspto.gov/sitemap-1.xml,U.S. Patent and Trademark Office,uspto.gov,170,uspto.gov trademark search 2026-10-03; Amazon: not found
tbmp 0700 June2019,https://www.uspto.gov/sites/default/files/documents/tbmp-0700-June2019.pdf,https://www.uspto.gov/sitemap-1.xml,U.S. Patent and Trademark Office,uspto.gov,160,uspto.gov trademark search 2026-10-03; Amazon: not found
tbmp 0300 June2019,https://www.uspto.gov/sites/default/files/documents/tbmp-0300-June2019.pdf,https://www.uspto.gov/sitemap-1.xml,U.S. Patent and Trademark Office,uspto.gov,135,uspto.gov trademark search 2026-10-03; Amazon: not found
tbmp 1200 June2019,https://www.uspto.gov/sites/default/files/documents/tbmp-1200-June2019.pdf,https://www.uspto.gov/sitemap-1.xml,U.S. Patent and Trademark Office,uspto.gov,91,uspto.gov trademark search 2026-10-03; Amazon: not found
tbmp 0100 June2019,https://www.uspto.gov/sites/default/files/documents/tbmp-0100-June2019.pdf,https://www.uspto.gov/sitemap-1.xml,U.S. Patent and Trademark Office,uspto.gov,80,uspto.gov trademark search 2026-10-03; Amazon: not found
tbmp 1100 June2019,https://www.uspto.gov/sites/default/files/documents/tbmp-1100-June2019.pdf,https://www.uspto.gov/sitemap-1.xml,U.S. Patent and Trademark Office,uspto.gov,48,uspto.gov trademark search 2026-10-03; Amazon: not found
tbmp 0200 June2019,https://www.uspto.gov/sites/default/files/documents/tbmp-0200-June2019.pdf,https://www.uspto.gov/sitemap-1.xml,U.S. Patent and Trademark Office,uspto.gov,44,uspto.gov trademark search 2026-10-03; Amazon: not found
TPAC Report on Trademark Fee Proposal 20191031 (2019),https://www.uspto.gov/sites/default/files/documents/TPAC_Report-on-Trademark-Fee-Proposal_20191031.pdf,https://www.uspto.gov/sitemap-1.xml,U.S. Patent and Trademark Office,uspto.gov,40,uspto.gov trademark search 2026-10-03; Amazon: not found
tbmp 0900 June2019,https://www.uspto.gov/sites/default/files/documents/tbmp-0900-June2019.pdf,https://www.uspto.gov/sitemap-1.xml,U.S. Patent and Trademark Office,uspto.gov,34,uspto.gov trademark search 2026-10-03; Amazon: not found
tbmp 0600 June2019,https://www.uspto.gov/sites/default/files/documents/tbmp-0600-June2019.pdf,https://www.uspto.gov/sitemap-1.xml,U.S. Patent and Trademark Office,uspto.gov,26,uspto.gov trademark search 2026-10-03; Amazon: not found
tbmp 0800 June2019,https://www.uspto.gov/sites/default/files/documents/tbmp-0800-June2019.pdf,https://www.uspto.gov/sitemap-1.xml,U.S. Patent and Trademark Office,uspto.gov,23,uspto.gov trademark search 2026-10-03; Amazon: not found
Patents Trademarks and Copyrights (2019),https://www.uspto.gov/sites/default/files/documents/Patents%20Trademarks%20and%20Copyrights.pdf,https://www.uspto.gov/sitemap-1.xml,U.S. Patent and Trademark Office,uspto.gov,22,uspto.gov trademark search 2026-10-03; Amazon: yes
tbmp Changes June2019,https://www.uspto.gov/sites/default/files/documents/tbmp-Changes-June2019.pdf,https://www.uspto.gov/sitemap-1.xml,U.S. Patent and Trademark Office,uspto.gov,18,uspto.gov trademark search 2026-10-03; Amazon: not found
tbmp 0500 June2018,https://www.uspto.gov/sites/default/files/documents/tbmp-0500-June2018.pdf,https://www.uspto.gov/sitemap-1.xml,U.S. Patent and Trademark Office,uspto.gov,177,uspto.gov trademark search 2026-10-03; Amazon: not found
tbmp 0400 June2018,https://www.uspto.gov/sites/default/files/documents/tbmp-0400-June2018.pdf,https://www.uspto.gov/sitemap-1.xml,U.S. Patent and Trademark Office,uspto.gov,170,uspto.gov trademark search 2026-10-03; Amazon: not found
tbmp 0700 June2018,https://www.uspto.gov/sites/default/files/documents/tbmp-0700-June2018.pdf,https://www.uspto.gov/sitemap-1.xml,U.S. Patent and Trademark Office,uspto.gov,153,uspto.gov trademark search 2026-10-03; Amazon: not found
tbmp 0300 June2018,https://www.uspto.gov/sites/default/files/documents/tbmp-0300-June2018.pdf,https://www.uspto.gov/sitemap-1.xml,U.S. Patent and Trademark Office,uspto.gov,130,uspto.gov trademark search 2026-10-03; Amazon: not found
tbmp 1200 June2018,https://www.uspto.gov/sites/default/files/documents/tbmp-1200-June2018.pdf,https://www.uspto.gov/sitemap-1.xml,U.S. Patent and Trademark Office,uspto.gov,86,uspto.gov trademark search 2026-10-03; Amazon: not found
tbmp 0100 June2018,https://www.uspto.gov/sites/default/files/documents/tbmp-0100-June2018.pdf,https://www.uspto.gov/sitemap-1.xml,U.S. Patent and Trademark Office,uspto.gov,80,uspto.gov trademark search 2026-10-03; Amazon: not found
tbmp 1100 June2018,https://www.uspto.gov/sites/default/files/documents/tbmp-1100-June2018.pdf,https://www.uspto.gov/sitemap-1.xml,U.S. Patent and Trademark Office,uspto.gov,48,uspto.gov trademark search 2026-10-03; Amazon: not found
tbmp 0200 June2018,https://www.uspto.gov/sites/default/files/documents/tbmp-0200-June2018.pdf,https://www.uspto.gov/sitemap-1.xml,U.S. Patent and Trademark Office,uspto.gov,44,uspto.gov trademark search 2026-10-03; Amazon: not found
tbmp 0900 June2018,https://www.uspto.gov/sites/default/files/documents/tbmp-0900-June2018.pdf,https://www.uspto.gov/sitemap-1.xml,U.S. Patent and Trademark Office,uspto.gov,32,uspto.gov trademark search 2026-10-03; Amazon: not found
Trademark registration in Chin Dan Chen AUSTIN (2018),https://www.uspto.gov/sites/default/files/documents/Trademark%20registration%20in%20Chin%20Dan%20Chen_AUSTIN.pdf,https://www.uspto.gov/sitemap-1.xml,U.S. Patent and Trademark Office,uspto.gov,31,uspto.gov trademark search 2026-10-03; Amazon: not found
tbmp 0600 June2018,https://www.uspto.gov/sites/default/files/documents/tbmp-0600-June2018.pdf,https://www.uspto.gov/sitemap-1.xml,U.S. Patent and Trademark Office,uspto.gov,26,uspto.gov trademark search 2026-10-03; Amazon: not found
tbmp 0800 June2018,https://www.uspto.gov/sites/default/files/documents/tbmp-0800-June2018.pdf,https://www.uspto.gov/sitemap-1.xml,U.S. Patent and Trademark Office,uspto.gov,22,uspto.gov trademark search 2026-10-03; Amazon: not found
tbmp Changes June2018,https://www.uspto.gov/sites/default/files/documents/tbmp-Changes-June2018.pdf,https://www.uspto.gov/sitemap-1.xml,U.S. Patent and Trademark Office,uspto.gov,21,uspto.gov trademark search 2026-10-03; Amazon: not found
TBMP Jan 2017 archive January 2017,https://www.uspto.gov/sites/default/files/documents/tbmp-master-document-Jan2017_archived.pdf,http://www.uspto.gov/trademarks-application-process/appealing-trademark-decisions/tbmp-archives,U.S. Patent and Trademark Office,uspto.gov,1011,uspto.gov trademark search 2026-10-03; Amazon: not found
tbmp master document Jan2017,https://www.uspto.gov/sites/default/files/documents/tbmp-master-document-Jan2017.pdf,https://www.uspto.gov/sitemap-1.xml,U.S. Patent and Trademark Office,uspto.gov,1011,uspto.gov trademark search 2026-10-03; Amazon: not found
TBMP 2017 archive June 2017,http://www.uspto.gov/sites/default/files/documents/tbmp-master-document-Jun2017_archive.pdf,http://www.uspto.gov/trademarks-application-process/appealing-trademark-decisions/tbmp-archives,U.S. Patent and Trademark Office,uspto.gov,984,uspto.gov trademark search 2026-10-03; Amazon: not found
tbmp master document Jun2017,https://www.uspto.gov/sites/default/files/documents/tbmp-master-document-Jun2017.pdf,https://www.uspto.gov/sitemap-1.xml,U.S. Patent and Trademark Office,uspto.gov,984,uspto.gov trademark search 2026-10-03; Amazon: not found
tbmp 0500 Jun2017,https://www.uspto.gov/sites/default/files/documents/tbmp-0500-Jun2017.pdf,https://www.uspto.gov/sitemap-1.xml,U.S. Patent and Trademark Office,uspto.gov,176,uspto.gov trademark search 2026-10-03; Amazon: not found
tbmp 0500 Jan2017,https://www.uspto.gov/sites/default/files/documents/tbmp-0500-Jan2017.pdf,https://www.uspto.gov/sitemap-1.xml,U.S. Patent and Trademark Office,uspto.gov,176,uspto.gov trademark search 2026-10-03; Amazon: not found
tbmp 0400 Jun2017,https://www.uspto.gov/sites/default/files/documents/tbmp-0400-Jun2017.pdf,https://www.uspto.gov/sitemap-1.xml,U.S. Patent and Trademark Office,uspto.gov,169,uspto.gov trademark search 2026-10-03; Amazon: not found
tbmp 0400 Jan2017,https://www.uspto.gov/sites/default/files/documents/tbmp-0400-Jan2017.pdf,https://www.uspto.gov/sitemap-1.xml,U.S. Patent and Trademark Office,uspto.gov,168,uspto.gov trademark search 2026-10-03; Amazon: not found
tbmp 0700 Jun2017,https://www.uspto.gov/sites/default/files/documents/tbmp-0700-Jun2017.pdf,https://www.uspto.gov/sitemap-1.xml,U.S. Patent and Trademark Office,uspto.gov,148,uspto.gov trademark search 2026-10-03; Amazon: not found
tbmp 0700 Jan2017,https://www.uspto.gov/sites/default/files/documents/tbmp-0700-Jan2017.pdf,https://www.uspto.gov/sitemap-1.xml,U.S. Patent and Trademark Office,uspto.gov,148,uspto.gov trademark search 2026-10-03; Amazon: not found
tbmp 0300 Jun2017,https://www.uspto.gov/sites/default/files/documents/tbmp-0300-Jun2017.pdf,https://www.uspto.gov/sitemap-1.xml,U.S. Patent and Trademark Office,uspto.gov,130,uspto.gov trademark search 2026-10-03; Amazon: not found
tbmp 0300 Jan2017,https://www.uspto.gov/sites/default/files/documents/tbmp-0300-Jan2017.pdf,https://www.uspto.gov/sitemap-1.xml,U.S. Patent and Trademark Office,uspto.gov,130,uspto.gov trademark search 2026-10-03; Amazon: not found
Website PDF Invention Con 2017 Trademark Basics,https://www.uspto.gov/sites/default/files/documents/Website%20PDF%20-%20Invention%20Con%202017%20Trademark%20Basics.pdf,https://www.uspto.gov/sitemap-1.xml,U.S. Patent and Trademark Office,uspto.gov,100,uspto.gov trademark search 2026-10-03; Amazon: not found
tbmp 1200 Jun2017,https://www.uspto.gov/sites/default/files/documents/tbmp-1200-Jun2017.pdf,https://www.uspto.gov/sitemap-1.xml,U.S. Patent and Trademark Office,uspto.gov,84,uspto.gov trademark search 2026-10-03; Amazon: not found
tbmp 1200 Jan2017,https://www.uspto.gov/sites/default/files/documents/tbmp-1200-Jan2017.pdf,https://www.uspto.gov/sitemap-1.xml,U.S. Patent and Trademark Office,uspto.gov,82,uspto.gov trademark search 2026-10-03; Amazon: not found
tbmp 0100 Jun2017,https://www.uspto.gov/sites/default/files/documents/tbmp-0100-Jun2017.pdf,https://www.uspto.gov/sitemap-1.xml,U.S. Patent and Trademark Office,uspto.gov,80,uspto.gov trademark search 2026-10-03; Amazon: not found
tbmp 0100 Jan2017,https://www.uspto.gov/sites/default/files/documents/tbmp-0100-Jan2017.pdf,https://www.uspto.gov/sitemap-1.xml,U.S. Patent and Trademark Office,uspto.gov,78,uspto.gov trademark search 2026-10-03; Amazon: not found
Website PDF Invention Con 2017 Trademark Website Resources and Tools,https://www.uspto.gov/sites/default/files/documents/Website%20PDF%20-%20Invention%20Con%202017%20Trademark%20Website%20Resources%20and%20Tools.pdf,https://www.uspto.gov/sitemap-1.xml,U.S. Patent and Trademark Office,uspto.gov,62,uspto.gov trademark search 2026-10-03; Amazon: not found
tbmp 1100 Jun2017,https://www.uspto.gov/sites/default/files/documents/tbmp-1100-Jun2017.pdf,https://www.uspto.gov/sitemap-1.xml,U.S. Patent and Trademark Office,uspto.gov,47,uspto.gov trademark search 2026-10-03; Amazon: not found
tbmp 1100 Jan2017,https://www.uspto.gov/sites/default/files/documents/tbmp-1100-Jan2017.pdf,https://www.uspto.gov/sitemap-1.xml,U.S. Patent and Trademark Office,uspto.gov,47,uspto.gov trademark search 2026-10-03; Amazon: not found
Inventor Info Chat Trademark Basics 6 15 17 (2017),https://www.uspto.gov/sites/default/files/documents/Inventor%20Info%20Chat%20-%20Trademark%20Basics%206-15-17.pdf,https://www.uspto.gov/sitemap-1.xml,U.S. Patent and Trademark Office,uspto.gov,42,uspto.gov trademark search 2026-10-03; Amazon: not found
tbmp 9010 ListOfChanges Jan2017,https://www.uspto.gov/sites/default/files/documents/tbmp-9010-ListOfChanges-Jan2017.pdf,https://www.uspto.gov/sitemap-1.xml,U.S. Patent and Trademark Office,uspto.gov,42,uspto.gov trademark search 2026-10-03; Amazon: not found
20170728 TPAC Trademark Operations Update (2017),https://www.uspto.gov/sites/default/files/documents/20170728_TPAC_Trademark_Operations_Update.pdf,https://www.uspto.gov/sitemap-1.xml,U.S. Patent and Trademark Office,uspto.gov,41,uspto.gov trademark search 2026-10-03; Amazon: not found
tbmp 0200 Jun2017,https://www.uspto.gov/sites/default/files/documents/tbmp-0200-Jun2017.pdf,https://www.uspto.gov/sitemap-1.xml,U.S. Patent and Trademark Office,uspto.gov,41,uspto.gov trademark search 2026-10-03; Amazon: not found
tbmp 0200 Jan2017,https://www.uspto.gov/sites/default/files/documents/tbmp-0200-Jan2017.pdf,https://www.uspto.gov/sitemap-1.xml,U.S. Patent and Trademark Office,uspto.gov,41,uspto.gov trademark search 2026-10-03; Amazon: not found
tbmp 0900 Jun2017,https://www.uspto.gov/sites/default/files/documents/tbmp-0900-Jun2017.pdf,https://www.uspto.gov/sitemap-1.xml,U.S. Patent and Trademark Office,uspto.gov,31,uspto.gov trademark search 2026-10-03; Amazon: not found
tbmp 0900 Jan2017,https://www.uspto.gov/sites/default/files/documents/tbmp-0900-Jan2017.pdf,https://www.uspto.gov/sitemap-1.xml,U.S. Patent and Trademark Office,uspto.gov,31,uspto.gov trademark search 2026-10-03; Amazon: not found
tbmp 0600 Jun2017,https://www.uspto.gov/sites/default/files/documents/tbmp-0600-Jun2017.pdf,https://www.uspto.gov/sitemap-1.xml,U.S. Patent and Trademark Office,uspto.gov,26,uspto.gov trademark search 2026-10-03; Amazon: not found
tbmp 0600 Jan2017,https://www.uspto.gov/sites/default/files/documents/tbmp-0600-Jan2017.pdf,https://www.uspto.gov/sitemap-1.xml,U.S. Patent and Trademark Office,uspto.gov,26,uspto.gov trademark search 2026-10-03; Amazon: not found
Website PDF Invention Con 2017 The Trademark Examination Process,https://www.uspto.gov/sites/default/files/documents/Website%20PDF%20-%20Invention%20Con%202017%20The%20Trademark%20Examination%20Process.pdf,https://www.uspto.gov/sitemap-1.xml,U.S. Patent and Trademark Office,uspto.gov,25,uspto.gov trademark search 2026-10-03; Amazon: not found
tbmp 0800 Jun2017,https://www.uspto.gov/sites/default/files/documents/tbmp-0800-Jun2017.pdf,https://www.uspto.gov/sitemap-1.xml,U.S. Patent and Trademark Office,uspto.gov,21,uspto.gov trademark search 2026-10-03; Amazon: not found
tbmp 0800 Jan2017,https://www.uspto.gov/sites/default/files/documents/tbmp-0800-Jan2017.pdf,https://www.uspto.gov/sitemap-1.xml,U.S. Patent and Trademark Office,uspto.gov,21,uspto.gov trademark search 2026-10-03; Amazon: not found
June 2016 Edition of the Trademark Trial and Appeal Board Manual of Procedure,http://www.uspto.gov/sites/default/files/documents/TBMP%20Master%20Document%202016_v1.pdf,http://www.uspto.gov/trademarks-application-process/appealing-trademark-decisions/tbmp-archives,U.S. Patent and Trademark Office,uspto.gov,999,uspto.gov trademark search 2026-10-03; Amazon: not found
tbmp 0500 2016,https://www.uspto.gov/sites/default/files/documents/tbmp-0500-2016.pdf,https://www.uspto.gov/sitemap-1.xml,U.S. Patent and Trademark Office,uspto.gov,172,uspto.gov trademark search 2026-10-03; Amazon: title too generic to check
tbmp 0400 2016,https://www.uspto.gov/sites/default/files/documents/tbmp-0400-2016.pdf,https://www.uspto.gov/sitemap-1.xml,U.S. Patent and Trademark Office,uspto.gov,149,uspto.gov trademark search 2026-10-03; Amazon: title too generic to check
tbmp 0700 2016,https://www.uspto.gov/sites/default/files/documents/tbmp-0700-2016.pdf,https://www.uspto.gov/sitemap-1.xml,U.S. Patent and Trademark Office,uspto.gov,128,uspto.gov trademark search 2026-10-03; Amazon: title too generic to check
tbmp 0300 2016,https://www.uspto.gov/sites/default/files/documents/tbmp-0300-2016.pdf,https://www.uspto.gov/sitemap-1.xml,U.S. Patent and Trademark Office,uspto.gov,124,uspto.gov trademark search 2026-10-03; Amazon: title too generic to check
tbmp 1200 2016,https://www.uspto.gov/sites/default/files/documents/tbmp-1200-2016.pdf,https://www.uspto.gov/sitemap-1.xml,U.S. Patent and Trademark Office,uspto.gov,79,uspto.gov trademark search 2026-10-03; Amazon: title too generic to check
tbmp 0100 2016,https://www.uspto.gov/sites/default/files/documents/tbmp-0100-2016.pdf,https://www.uspto.gov/sitemap-1.xml,U.S. Patent and Trademark Office,uspto.gov,77,uspto.gov trademark search 2026-10-03; Amazon: title too generic to check
tbmp 9030 SubjectMatterIndex 2016 0,https://www.uspto.gov/sites/default/files/documents/tbmp-9030-SubjectMatterIndex-2016_0.pdf,https://www.uspto.gov/sitemap-1.xml,U.S. Patent and Trademark Office,uspto.gov,61,uspto.gov trademark search 2026-10-03; Amazon: not found
tbmp 1100 2016,https://www.uspto.gov/sites/default/files/documents/tbmp-1100-2016.pdf,https://www.uspto.gov/sitemap-1.xml,U.S. Patent and Trademark Office,uspto.gov,48,uspto.gov trademark search 2026-10-03; Amazon: title too generic to check
tbmp 0200 2016,https://www.uspto.gov/sites/default/files/documents/tbmp-0200-2016.pdf,https://www.uspto.gov/sitemap-1.xml,U.S. Patent and Trademark Office,uspto.gov,40,uspto.gov trademark search 2026-10-03; Amazon: title too generic to check
Final rule for miscellaneous changes to Trademark Trial and Appeal Board rules (2016),http://www.uspto.gov/sites/default/files/documents/81%20FR%2069950.pdf,https://www.uspto.gov/trademarks/trademark-trial-and-appeal-board/ttab-policy-and-guidance-resources,U.S. Patent and Trademark Office,uspto.gov,39,uspto.gov trademark search 2026-10-03; Amazon: not found
tbmp 0900 2016,https://www.uspto.gov/sites/default/files/documents/tbmp-0900-2016.pdf,https://www.uspto.gov/sitemap-1.xml,U.S. Patent and Trademark Office,uspto.gov,30,uspto.gov trademark search 2026-10-03; Amazon: title too generic to check
tbmp 0600 2016,https://www.uspto.gov/sites/default/files/documents/tbmp-0600_2016.pdf,https://www.uspto.gov/sitemap-1.xml,U.S. Patent and Trademark Office,uspto.gov,25,uspto.gov trademark search 2026-10-03; Amazon: title too generic to check
tbmp 0800 2016,https://www.uspto.gov/sites/default/files/documents/tbmp-0800-2016.pdf,https://www.uspto.gov/sitemap-1.xml,U.S. Patent and Trademark Office,uspto.gov,18,uspto.gov trademark search 2026-10-03; Amazon: title too generic to check
June 2015 Edition of the Trademark Trial and Appeal Board,http://www.uspto.gov/sites/default/files/documents/TBMP%20Master%20Document_2015_wm.pdf,http://www.uspto.gov/trademarks-application-process/appealing-trademark-decisions/tbmp-archives,U.S. Patent and Trademark Office,uspto.gov,1015,uspto.gov trademark search 2026-10-03; Amazon: not found
tbmp 9030 SubjectMatterIndex 0 (2015),https://www.uspto.gov/sites/default/files/documents/tbmp-9030-SubjectMatterIndex_0.pdf,https://www.uspto.gov/sitemap-1.xml,U.S. Patent and Trademark Office,uspto.gov,61,uspto.gov trademark search 2026-10-03; Amazon: not found
tbmp 9000 ListOfCases 0 (2015),https://www.uspto.gov/sites/default/files/documents/tbmp-9000-ListOfCases_0.pdf,https://www.uspto.gov/sitemap-1.xml,U.S. Patent and Trademark Office,uspto.gov,32,uspto.gov trademark search 2026-10-03; Amazon: not found
tbmp 9010 ListOfChanges 0 (2015),https://www.uspto.gov/sites/default/files/documents/tbmp-9010-ListOfChanges_0.pdf,https://www.uspto.gov/sitemap-1.xml,U.S. Patent and Trademark Office,uspto.gov,20,uspto.gov trademark search 2026-10-03; Amazon: not found
June 2014 Edition of the Trademark Trial and Appeal Board Manual of Procedure,http://www.uspto.gov/sites/default/files/documents/TBMP%20full%20version.pdf,http://www.uspto.gov/trademarks-application-process/appealing-trademark-decisions/tbmp-archives,U.S. Patent and Trademark Office,uspto.gov,1157,uspto.gov trademark search 2026-10-03; Amazon: not found
WP2014 2 USPTO Trademark Assignment Dataset 27Feb15,https://www.uspto.gov/sites/default/files/documents/WP2014-2_USPTO%20Trademark%20Assignment%20Dataset_27Feb15.pdf,https://www.uspto.gov/sitemap-1.xml,U.S. Patent and Trademark Office,uspto.gov,82,uspto.gov trademark search 2026-10-03; Amazon: not found
"June 2013 Edition of the Trademark Trial and Appeal Board Manual of Procedure Third Edition, Revision 2",http://www.uspto.gov/sites/default/files/trademarks/process/appeal/tbmp_3rd_ed_rev_2.pdf,http://www.uspto.gov/trademarks-application-process/appealing-trademark-decisions/tbmp-archives,U.S. Patent and Trademark Office,uspto.gov,1141,uspto.gov trademark search 2026-10-03; Amazon: not found
tbmp 3rd ed rev 2 chapter 500 (2013),https://www.uspto.gov/sites/default/files/trademarks/process/appeal/tbmp_3rd_ed_rev_2_chapter_500.pdf,https://www.uspto.gov/sitemap-1.xml,U.S. Patent and Trademark Office,uspto.gov,190,uspto.gov trademark search 2026-10-03; Amazon: not found
tbmp 3rd ed rev 2 chapter 300 (2013),https://www.uspto.gov/sites/default/files/trademarks/process/appeal/tbmp_3rd_ed_rev_2_chapter_300.pdf,https://www.uspto.gov/sitemap-1.xml,U.S. Patent and Trademark Office,uspto.gov,143,uspto.gov trademark search 2026-10-03; Amazon: not found
tbmp 3rd ed rev 2 chapter 700 (2013),https://www.uspto.gov/sites/default/files/trademarks/process/appeal/tbmp_3rd_ed_rev_2_chapter_700.pdf,https://www.uspto.gov/sitemap-1.xml,U.S. Patent and Trademark Office,uspto.gov,140,uspto.gov trademark search 2026-10-03; Amazon: not found
tbmp 3rd ed rev 2 chapter 400 (2013),https://www.uspto.gov/sites/default/files/trademarks/process/appeal/tbmp_3rd_ed_rev_2_chapter_400.pdf,https://www.uspto.gov/sitemap-1.xml,U.S. Patent and Trademark Office,uspto.gov,139,uspto.gov trademark search 2026-10-03; Amazon: not found
tbmp 3rd ed rev 2 chapter 100 (2013),https://www.uspto.gov/sites/default/files/trademarks/process/appeal/tbmp_3rd_ed_rev_2_chapter_100.pdf,https://www.uspto.gov/sitemap-1.xml,U.S. Patent and Trademark Office,uspto.gov,89,uspto.gov trademark search 2026-10-03; Amazon: not found
tbmp 3rd ed rev 2 chapter 1200 (2013),https://www.uspto.gov/sites/default/files/trademarks/process/appeal/tbmp_3rd_ed_rev_2_chapter_1200.pdf,https://www.uspto.gov/sitemap-1.xml,U.S. Patent and Trademark Office,uspto.gov,87,uspto.gov trademark search 2026-10-03; Amazon: not found
tbmp 3rd ed rev 2 alphabetical subject matter (2013),https://www.uspto.gov/sites/default/files/trademarks/process/appeal/tbmp_3rd_ed_rev_2_alphabetical_subject_matter.pdf,https://www.uspto.gov/sitemap-1.xml,U.S. Patent and Trademark Office,uspto.gov,60,uspto.gov trademark search 2026-10-03; Amazon: not found
tbmp 3rd ed rev 2 chapter 1100 (2013),https://www.uspto.gov/sites/default/files/trademarks/process/appeal/tbmp_3rd_ed_rev_2_chapter_1100.pdf,https://www.uspto.gov/sitemap-1.xml,U.S. Patent and Trademark Office,uspto.gov,56,uspto.gov trademark search 2026-10-03; Amazon: not found
tbmp 3rd ed rev 2 chapter 200 (2013),https://www.uspto.gov/sites/default/files/trademarks/process/appeal/tbmp_3rd_ed_rev_2_chapter_200.pdf,https://www.uspto.gov/sitemap-1.xml,U.S. Patent and Trademark Office,uspto.gov,48,uspto.gov trademark search 2026-10-03; Amazon: not found
tbmp 3rd ed rev 2 index (2013),https://www.uspto.gov/sites/default/files/trademarks/process/appeal/tbmp_3rd_ed_rev_2_index.pdf,https://www.uspto.gov/sitemap-1.xml,U.S. Patent and Trademark Office,uspto.gov,42,uspto.gov trademark search 2026-10-03; Amazon: not found
tbmp 3rd ed rev 2 chapter 900 (2013),https://www.uspto.gov/sites/default/files/trademarks/process/appeal/tbmp_3rd_ed_rev_2_chapter_900.pdf,https://www.uspto.gov/sitemap-1.xml,U.S. Patent and Trademark Office,uspto.gov,32,uspto.gov trademark search 2026-10-03; Amazon: not found
tbmp 3rd ed rev 2 chapter 600 (2013),https://www.uspto.gov/sites/default/files/trademarks/process/appeal/tbmp_3rd_ed_rev_2_chapter_600.pdf,https://www.uspto.gov/sitemap-1.xml,U.S. Patent and Trademark Office,uspto.gov,28,uspto.gov trademark search 2026-10-03; Amazon: not found
tbmp 3rd ed rev 2 table of contents (2013),https://www.uspto.gov/sites/default/files/trademarks/process/appeal/tbmp_3rd_ed_rev_2_table_of_contents.pdf,https://www.uspto.gov/sitemap-1.xml,U.S. Patent and Trademark Office,uspto.gov,26,uspto.gov trademark search 2026-10-03; Amazon: not found
tbmp 3rd ed rev 2 chapter 800 (2013),https://www.uspto.gov/sites/default/files/trademarks/process/appeal/tbmp_3rd_ed_rev_2_chapter_800.pdf,https://www.uspto.gov/sitemap-1.xml,U.S. Patent and Trademark Office,uspto.gov,20,uspto.gov trademark search 2026-10-03; Amazon: not found
"June 2012 Edition of the Trademark Trial and Appeal Board Manual of Procedure Third Edition, Revision 1",http://www.uspto.gov/sites/default/files/trademarks/process/appeal/tbmp_3rd_ed_rev_1.pdf,http://www.uspto.gov/trademarks-application-process/appealing-trademark-decisions/tbmp-archives,U.S. Patent and Trademark Office,uspto.gov,1126,uspto.gov trademark search 2026-10-03; Amazon: not found
TM-TMEP-8th-edition (2011),https://www.uspto.gov/sites/default/files/documents/TM-TMEP-8th-edition.pdf,https://www.uspto.gov/trademarks/guides-and-manuals/tmep-archives,U.S. Patent and Trademark Office,uspto.gov,1574,uspto.gov trademark search 2026-10-03; Amazon: not found
Third Edition of the Trademark Trial and Appeal Board Manual of Procedure (2011),http://www.uspto.gov/sites/default/files/trademarks/process/appeal/TBMP_Master_Document_May_2011.pdf,http://www.uspto.gov/trademarks-application-process/appealing-trademark-decisions/tbmp-archives,U.S. Patent and Trademark Office,uspto.gov,1305,uspto.gov trademark search 2026-10-03; Amazon: not found
TM-TMEP-7th-edition (2010),https://www.uspto.gov/sites/default/files/documents/TM-TMEP-7th-edition.pdf,https://www.uspto.gov/trademarks/guides-and-manuals/tmep-archives,U.S. Patent and Trademark Office,uspto.gov,1531,uspto.gov trademark search 2026-10-03; Amazon: not found
TM-TMEP-6th-edition (2010),https://www.uspto.gov/sites/default/files/documents/TM-TMEP-6th-edition.pdf,https://www.uspto.gov/trademarks/guides-and-manuals/tmep-archives,U.S. Patent and Trademark Office,uspto.gov,1492,uspto.gov trademark search 2026-10-03; Amazon: not found
TM-TMEP-5th-edition (2007),https://www.uspto.gov/sites/default/files/documents/TM-TMEP-5th-edition.pdf,https://www.uspto.gov/trademarks/guides-and-manuals/tmep-archives,U.S. Patent and Trademark Office,uspto.gov,1361,uspto.gov trademark search 2026-10-03; Amazon: not found
TM-TMEP-4th-edition (2005),https://www.uspto.gov/sites/default/files/documents/TM-TMEP-4th-edition.pdf,https://www.uspto.gov/trademarks/guides-and-manuals/tmep-archives,U.S. Patent and Trademark Office,uspto.gov,1198,uspto.gov trademark search 2026-10-03; Amazon: not found
"Second Edition of the Trademark Trial and Appeal Board Manual of Procedure Second Edition, Revision 1 (2004)",http://www.uspto.gov/sites/default/files/documents/tbmp_ed2_rev1_wm.pdf,http://www.uspto.gov/trademarks-application-process/appealing-trademark-decisions/tbmp-archives,U.S. Patent and Trademark Office,uspto.gov,849,uspto.gov trademark search 2026-10-03; Amazon: not found
First Edition of the Trademark Trial and Appeal Board Manual of Procedure (1995),http://www.uspto.gov/sites/default/files/documents/tbmp_1stedition.pdf,http://www.uspto.gov/trademarks-application-process/appealing-trademark-decisions/tbmp-archives,U.S. Patent and Trademark Office,uspto.gov,775,uspto.gov trademark search 2026-10-03; Amazon: not found
Trademark Official Gazette,https://www.uspto.gov/web/trademarks/tmog/20260602_OG.pdf,https://www.uspto.gov/learning-and-resources/official-gazette/trademark-official-gazette-tmog,U.S. Patent and Trademark Office,uspto.gov,10574,uspto.gov trademark search 2026-10-03; Amazon: yes
